{"type":"FeatureCollection","features":[{"type":"Feature","properties":{"id":"zerog","name":"ZeroG","area_sq_mi":1.359,"centroid":[-110.515117,38.774644],"outlet":[-110.49403,38.77378],"source_file":"watershed.geojson"},"geometry":{"type":"Polygon","coordinates":[[[-110.53447171978934,38.77210313355932],[-110.53447230550061,38.77201301944119],[-110.5343571933833,38.772012560868596],[-110.53435777923679,38.77192244675053],[-110.53389733137298,38.7719206113323],[-110.5338979178031,38.7718304972187],[-110.53343747056056,38.77182865999241],[-110.53343688355116,38.77191877410013],[-110.53297643577137,38.77191693505402],[-110.5329758481801,38.77200704915445],[-110.53286073609691,38.772006589108024],[-110.53286014835817,38.77209670320557],[-110.53274503613281,38.7720962430443],[-110.53274444824662,38.77218635713898],[-110.53251422351411,38.772185436473386],[-110.53251363533568,38.77227555056372],[-110.5321682978222,38.7722741687106],[-110.53216770920667,38.7723642827951],[-110.53147703338193,38.77236151601897],[-110.53147762286638,38.77227140194333],[-110.5312473979022,38.772270478780584],[-110.53124798767365,38.772180364706486],[-110.53078753835624,38.77217851702647],[-110.53078812870432,38.77208840295689],[-110.53067301652638,38.77208794075493],[-110.53067419750424,38.77190771261453],[-110.53055908561859,38.771907250302164],[-110.53055967624837,38.77181713623133],[-110.53044456451018,38.771816673807066],[-110.53044515528214,38.77172655973632],[-110.53033004369138,38.77172609720018],[-110.530331225517,38.77154586905744],[-110.53021611421853,38.771545406410894],[-110.53021670527218,38.7714552923389],[-110.5299864829728,38.77145436670863],[-110.52998707431344,38.771364252638215],[-110.52975685231426,38.771363326557434],[-110.52975744394189,38.77127321248857],[-110.52952722224292,38.7712722859573],[-110.52952781415752,38.77118217189],[-110.52941270345681,38.77118170845579],[-110.52941329551356,38.77109159438858],[-110.52929818496033,38.77109113084249],[-110.52929877715924,38.77100101677535],[-110.52918366675347,38.77100055311738],[-110.52918425909454,38.77091043905033],[-110.52906914883621,38.770909975280475],[-110.52906974131943,38.7708198612135],[-110.52895463120858,38.77081939733177],[-110.52895522383396,38.770729283264885],[-110.52884011387056,38.770728819271255],[-110.5288407066381,38.770638705204455],[-110.52872559682217,38.77063824109896],[-110.52872618973187,38.77054812703226],[-110.52861108006337,38.77054766281487],[-110.52861167311522,38.77045754874823],[-110.5284965635942,38.77045708441898],[-110.5284971567882,38.77036697035244],[-110.52838204741464,38.7703665059113],[-110.52838264075079,38.770276391844845],[-110.52826753152469,38.77027592729182],[-110.528268125003,38.770185813225446],[-110.52803790684835,38.7701848837823],[-110.5280385006136,38.77009476971752],[-110.52792339168508,38.77009430482738],[-110.52792398559248,38.77000419076266],[-110.5278088768114,38.77000372576066],[-110.52780947086094,38.76991361169604],[-110.52757925359639,38.769912681354924],[-110.52757984793287,38.76982256729187],[-110.52746473944937,38.76982210195276],[-110.527465333928,38.7697319878898],[-110.52723511725861,38.76973105687447],[-110.52723571202418,38.76964094281309],[-110.52712060383827,38.76964047713687],[-110.52712119874596,38.769550363075574],[-110.52677587463862,38.76954896537122],[-110.52677646997806,38.769458851313004],[-110.5266613620924,38.769458385186326],[-110.52666195757398,38.769368271128194],[-110.52654684983578,38.76936780488964],[-110.52654744545947,38.769277690831615],[-110.52620212269527,38.76927629144027],[-110.5262027187507,38.76918617738533],[-110.52585739644489,38.769184776978236],[-110.52585799293203,38.76909466292636],[-110.52562777836444,38.76909372875784],[-110.5256283751385,38.76900361470754],[-110.5255132680035,38.76900314745473],[-110.52551386491969,38.76891303340455],[-110.52539875793215,38.76891256603988],[-110.52539935499047,38.768822451989784],[-110.5252842481504,38.768821984513245],[-110.52528484535082,38.76873187046324],[-110.52516973865822,38.76873140287485],[-110.52517033600077,38.768641288824945],[-110.52470990983626,38.76863941734378],[-110.5247105077553,38.76854930329846],[-110.52459540136566,38.76854883514628],[-110.52459659748531,38.768368607054434],[-110.52448149138792,38.76836813879189],[-110.52448208958852,38.76827802474537],[-110.52436698363859,38.76827755637097],[-110.52436758198131,38.76818744232454],[-110.52425247617884,38.76818697383829],[-110.52425307466368,38.76809685979197],[-110.52413796900868,38.768096391193836],[-110.52413856763562,38.76800627714762],[-110.52367814562157,38.768004401627614],[-110.52367874482498,38.76791428758599],[-110.52333342877695,38.76791287976028],[-110.52333402841205,38.76782276572176],[-110.5228736076314,38.76782088703986],[-110.52287420784293,38.76773077300595],[-110.52264399775828,38.76772983298789],[-110.52264519875246,38.76754960492189],[-110.52253009400374,38.767549134745835],[-110.52253069464159,38.76745902071223],[-110.52230048544178,38.76745808002308],[-110.52230108636648,38.767367965991106],[-110.5221859819154,38.767367495478],[-110.52218538084588,38.76745760950848],[-110.5220702762527,38.76745713888053],[-110.52206967503574,38.7675472529081],[-110.52195457030045,38.76754678216528],[-110.52195396893599,38.767636896189956],[-110.52183886405864,38.76763642533228],[-110.52183705951478,38.76790676739335],[-110.52172195420573,38.767906296417806],[-110.52172075087347,38.7680865244485],[-110.52160564527755,38.768086053356576],[-110.52160444164493,38.768266281378644],[-110.52171954753042,38.768266752473586],[-110.52171894585487,38.76835686648403],[-110.521488733797,38.76835592417778],[-110.52148813182916,38.76844603818381],[-110.52091260100765,38.76844368042693],[-110.52091320369944,38.76835356642845],[-110.52068299167928,38.76835262253521],[-110.52068359465794,38.76826250853836],[-110.52033827708232,38.768261091852885],[-110.52033888049264,38.768170977859164],[-110.52022377478428,38.76817050540548],[-110.52022498188641,38.76799027741684],[-110.52010987647033,38.767989804852824],[-110.52011048016215,38.76789969085793],[-110.51988026962766,38.76789874539285],[-110.51988087360633,38.767808631399575],[-110.51965066337223,38.76780768548411],[-110.51965126763777,38.76771757149246],[-110.51907574282379,38.76771520472769],[-110.51907634781054,38.76762509074221],[-110.51850082378814,38.76762272115119],[-110.51850021807746,38.76771283512909],[-110.51803979832918,38.76771093740986],[-110.51803919203665,38.76780105138027],[-110.51688814140807,38.76779629913225],[-110.51688753366498,38.76788641308606],[-110.51677242847228,38.767885937236294],[-110.51677303636018,38.767795823284004],[-110.51642772123276,38.76779439505915],[-110.51642832955228,38.76770428111004],[-110.51631322466004,38.76770380480991],[-110.51631383312163,38.76761369086092],[-110.51619872837689,38.76761321444895],[-110.51619811977052,38.76770332839642],[-110.5158528051183,38.76770189847584],[-110.51585341415903,38.76761178453295],[-110.51435705283188,38.76760557644161],[-110.51435644190897,38.76769569036462],[-110.51424133706581,38.76769521202413],[-110.51424072599539,38.76778532594421],[-110.5141256210102,38.76778484748884],[-110.51412500979224,38.767874961405994],[-110.51343437906984,38.76787208828415],[-110.51343376698043,38.7679622021907],[-110.51262803024873,38.76795884504689],[-110.51262864335165,38.76786873115108],[-110.51251353826002,38.76786825110723],[-110.51251292501233,38.7679583650015],[-110.51228271454772,38.76795740457066],[-110.51228332808499,38.76786729067948],[-110.51193801284303,38.76786584918767],[-110.51193739887141,38.76795596307425],[-110.51182229365146,38.76795548234874],[-110.5118216795323,38.76804559623238],[-110.51170657417033,38.76804511539197],[-110.51170534563421,38.768225343151975],[-110.5115902399854,38.76822486219515],[-110.5115896255684,38.7683149760715],[-110.51147451977756,38.768314494999764],[-110.51147329064578,38.768494722745196],[-110.5112430784932,38.7684937602555],[-110.51124369335002,38.768403646386574],[-110.51112858742265,38.76840316497322],[-110.51112920242153,38.76831305110444],[-110.51101409664169,38.76831256957929],[-110.51101471178261,38.76822245571062],[-110.51043918364861,38.76822004639225],[-110.5104397995107,38.76812993252992],[-110.51032469403697,38.76812945032771],[-110.5103253100411,38.76803933646551],[-110.50997999407076,38.768037889183425],[-110.50997937763228,38.768128003041],[-110.50986427216957,38.76812752038539],[-110.50986365558352,38.76821763424],[-110.50963344437679,38.76821666858563],[-110.50963282749841,38.768306782435765],[-110.50940261601315,38.76830581632486],[-110.50940199884243,38.7683959301705],[-110.50894157532589,38.76839399658226],[-110.50894219307575,38.76830388274283],[-110.50802134733368,38.768300010137686],[-110.50802196623908,38.768209896309244],[-110.50721622737366,38.76820650183948],[-110.50721560745474,38.768296615657064],[-110.50606455072064,38.76829175676387],[-110.50606392935106,38.7683818705645],[-110.50594882354814,38.768381384050166],[-110.50595130958892,38.76802092884546],[-110.5060664148127,38.768021415353566],[-110.50606952157717,38.767570846308345],[-110.50595441707733,38.76757035980803],[-110.50595814597166,38.767029676916856],[-110.50584304234329,38.76702919031253],[-110.50584366396072,38.76693907649399],[-110.50572856047991,38.76693858977787],[-110.50572918223932,38.76684847595949],[-110.50561407890606,38.766847989131584],[-110.5056147008075,38.76675787531335],[-110.50549959762179,38.76675738837366],[-110.50550021966521,38.76666727455559],[-110.50538511662708,38.76666678750411],[-110.50538449443889,38.76675690132062],[-110.50526939125874,38.76675641415423],[-110.50526876892299,38.76684652796779],[-110.50503856228151,38.76684555329184],[-110.50503731702253,38.767025780908504],[-110.50480710981309,38.76702480577293],[-110.50480648688986,38.76711491957603],[-110.50457627940202,38.76711394398392],[-110.50457565618645,38.76720405778251],[-110.50446055230192,38.76720356981487],[-110.50445992893877,38.76729368361049],[-110.5036542008118,38.76729026465227],[-110.5036535764324,38.76738037843553],[-110.50353847228064,38.76737988955797],[-110.50353784775368,38.767470003338275],[-110.50342274345992,38.767469514345784],[-110.50342211878538,38.767559628123124],[-110.50330701434966,38.76755913901572],[-110.50330763916898,38.76746902523995],[-110.50319253488084,38.76746853602075],[-110.50319315984216,38.76737842224515],[-110.50284784742884,38.76737695391217],[-110.50284722203317,38.76746706768307],[-110.50273211775622,38.76746657801048],[-110.50273149221297,38.767556691778424],[-110.50250128337788,38.767555712090044],[-110.50249878001866,38.76791616713525],[-110.50261388501393,38.76791665704237],[-110.5026132593119,38.76800677080175],[-110.50272836445477,38.7680072605971],[-110.50272648776627,38.768277601871496],[-110.50284159334629,38.768278091558194],[-110.50284096792264,38.76836820531508],[-110.50295607365025,38.76836869489001],[-110.5029554483686,38.76845880864706],[-110.50318566012177,38.76845978745996],[-110.5031850351269,38.76854990121875],[-110.50341524718085,38.768550879581355],[-110.50341399776188,38.768731107101],[-110.50352910408263,38.76873159611539],[-110.50352785494205,38.76891182363256],[-110.50364296155517,38.76891231253673],[-110.50364233712548,38.76900242629477],[-110.5037574438862,38.76900291508716],[-110.50375557101476,38.76927325635756],[-110.50364046381966,38.76927276756049],[-110.50363921493515,38.76945299506395],[-110.50352410745326,38.76945250615038],[-110.50352285826797,38.76963273364512],[-110.50340775049928,38.76963224461507],[-110.50340712575765,38.76972235835876],[-110.50317690993906,38.76972137995544],[-110.50317628490502,38.76981149369462],[-110.50306117685514,38.76981100432135],[-110.50306055167351,38.76990111805753],[-110.50271522710622,38.76989964925287],[-110.5027146014874,38.769989762982966],[-110.5025994931591,38.76998927315312],[-110.50259886739266,38.770079386880234],[-110.50248375892238,38.77007889693546],[-110.50248313300835,38.770169010659615],[-110.50236802439605,38.77016852059992],[-110.50236739833443,38.7702586343211],[-110.50167674585066,38.77025569157285],[-110.50167611891742,38.770345805283206],[-110.50087035680036,38.770342366907904],[-110.5008697288507,38.77043248060586],[-110.50098483786095,38.77043297214399],[-110.50098421005329,38.770523085842115],[-110.50086910089824,38.77052259430241],[-110.50086847294297,38.77061270799756],[-110.50075336364593,38.77061221634291],[-110.50075273554303,38.77070233003509],[-110.50063762610401,38.770701838265516],[-110.50063699785349,38.7707919519547],[-110.50029166911885,38.77079047596105],[-110.50029104043111,38.77088058964413],[-110.50017593071371,38.77088009741794],[-110.50017530187836,38.77097021109804],[-110.50006019201898,38.77096971875691],[-110.500059563036,38.77105983243401],[-110.49994445303462,38.77105933997795],[-110.49994382390402,38.771149453652086],[-110.49982871376065,38.77114896108108],[-110.49982808448242,38.77123907475224],[-110.49959786391449,38.77123808926696],[-110.49959723434385,38.77132820293355],[-110.49948212391931,38.77132771001929],[-110.49948149420104,38.771417823682924],[-110.4993663836345,38.7714173306537],[-110.49936575376857,38.77150744431436],[-110.49925064306005,38.77150695117021],[-110.49925001304652,38.771597064827866],[-110.49878956966135,38.77159509111124],[-110.49879020025413,38.7715049774599],[-110.49821464681023,38.77150250777125],[-110.49821401549339,38.7715926214147],[-110.49798379384598,38.771591632742506],[-110.4979831622367,38.77168174638137],[-110.49775294031097,38.77168075725254],[-110.49775230840923,38.771770870886854],[-110.4975220862052,38.77176988130139],[-110.49752145401101,38.77185999493112],[-110.49729123152864,38.771859004889016],[-110.497290599042,38.77194911851418],[-110.49706037628134,38.771948128015424],[-110.49705974350225,38.77203824163602],[-110.49648418592606,38.77203576339724],[-110.49648355242007,38.7721258770085],[-110.49625332911981,38.77212488491623],[-110.49625269532135,38.772214998522905],[-110.4960224717428,38.77221400597398],[-110.49602183765187,38.7723041195761],[-110.49590672572204,38.77230362312998],[-110.49590609148346,38.77239373672909],[-110.49556075527653,38.772392246705785],[-110.49556012060066,38.77248236029872],[-110.49532989618727,38.77248136637981],[-110.49532926121893,38.77257147996816],[-110.49521414887168,38.77257098283705],[-110.49521351375567,38.77266109642243],[-110.49498328878008,38.77266010181692],[-110.49498265337158,38.7727502153977],[-110.4947524281177,38.77274922033552],[-110.49475179241675,38.77283933391171],[-110.49463667964925,38.772838836208976],[-110.49463540794915,38.77301906335396],[-110.49452029489487,38.77301856553466],[-110.49451902289374,38.773198792670854],[-110.49440390955266,38.773198294735],[-110.49440327340301,38.77328840829939],[-110.4945183868889,38.77328890623685],[-110.49450948252242,38.77455049601354],[-110.49462459803875,38.774550993859926],[-110.49462396213607,38.77464110740649],[-110.49473907780008,38.77464160514109],[-110.49473971355793,38.77455149159293],[-110.49508506013255,38.77455298411168],[-110.49508569545307,38.77446287055735],[-110.495546157013,38.77446485898868],[-110.49554679175135,38.774374745426584],[-110.49623748330747,38.774377724662656],[-110.49623811717399,38.774287611089626],[-110.4979648443382,38.77429504129886],[-110.49796547602944,38.774204927700644],[-110.49831082110418,38.77420641067653],[-110.4983120836092,38.7740261834664],[-110.49842719835011,38.77402667756178],[-110.49842782945356,38.77393656395302],[-110.49865805865419,38.77393755180048],[-110.49865868946515,38.77384743818717],[-110.49877380392486,38.77384793193925],[-110.49877443458819,38.77375781832295],[-110.49900466322643,38.77375880548382],[-110.49900529359728,38.77366869186296],[-110.49969597871073,38.77367165061508],[-110.4996966082098,38.77358153698335],[-110.50027217849102,38.7735839994844],[-110.50027154971606,38.77367411312401],[-110.5005017781379,38.77367509733393],[-110.50050114964979,38.773765210975306],[-110.50073137837254,38.773766194734876],[-110.50073075017127,38.77385630837798],[-110.50107609371094,38.773857783171756],[-110.50107546594135,38.77394789681817],[-110.50119058060503,38.77394838819091],[-110.50118932534707,38.7741286154827],[-110.5013044403032,38.774129106745214],[-110.50130255782972,38.774399447677105],[-110.50141767322314,38.77439993883095],[-110.50141704587121,38.77449005247367],[-110.50153216141229,38.77449054351571],[-110.50153153420236,38.77458065715861],[-110.50164664989107,38.77458114808885],[-110.50164727695616,38.77449103444437],[-110.50187750805233,38.774492015961556],[-110.50187813482495,38.77440190231254],[-110.50222348105575,38.77440337373326],[-110.50222410739106,38.77431326007813],[-110.50245433793594,38.774314240455226],[-110.5024549639788,38.77422412679556],[-110.50268519424523,38.77422510671602],[-110.50268581999562,38.774134993051824],[-110.50291604998358,38.77413597251562],[-110.50291667544153,38.77404585884688],[-110.50372247947371,38.77404928338784],[-110.50372185502958,38.77413939706754],[-110.50441254517798,38.774142327976],[-110.50441316875313,38.77405221428692],[-110.50475851343053,38.77405367820586],[-110.5047591365684,38.77396356451069],[-110.50487425132161,38.773964052255344],[-110.50487362832857,38.77405416595208],[-110.50498874322939,38.774054653584926],[-110.50498812037839,38.77414476728182],[-110.50510323542683,38.774145254802846],[-110.50509949913126,38.77468593696412],[-110.50521461505149,38.77468642438114],[-110.50521399247064,38.77477653807132],[-110.50532910853848,38.774777025376515],[-110.50532724121373,38.77504736644338],[-110.50544235771886,38.77504785363987],[-110.50544049080357,38.775318194698805],[-110.50555560774599,38.77531868178659],[-110.50555436341155,38.7754989091553],[-110.50566948064643,38.77549939613283],[-110.50566201614406,38.77658076024614],[-110.50577713511986,38.776581247128966],[-110.50577402551647,38.77703181545774],[-110.50565890581643,38.77703132856712],[-110.50565392914751,38.77775223780777],[-110.50576905000638,38.777752724710865],[-110.50576780610102,38.77793295201013],[-110.50588292725239,38.77793343880294],[-110.5058823054404,38.778023552452034],[-110.50599742673941,38.77802403913301],[-110.50599556172129,38.77829438007653],[-110.50611068345768,38.778294866648785],[-110.50610819730737,38.77865532122676],[-110.50622331962596,38.77865580769185],[-110.50621896976992,38.77928660316022],[-110.50633409310535,38.77928708952282],[-110.5063303654181,38.77982777130752],[-110.50621524121345,38.77982728493559],[-110.50620964819105,38.78063830750402],[-110.50632477369955,38.780638793889956],[-110.50632353106485,38.78081902111507],[-110.50643865686588,38.78081950739072],[-110.50643741450982,38.780999734613346],[-110.50632228841901,38.78099924833458],[-110.50631545366822,38.78199049794168],[-110.50643058135273,38.78199098423756],[-110.50642809648494,38.78235143860431],[-110.5065432247518,38.78235192479301],[-110.50654011932897,38.78280249272768],[-110.50665524832304,38.78280297881074],[-110.50665400642424,38.78298320597791],[-110.50653887714039,38.782982719891734],[-110.50653763494068,38.78316294705018],[-110.50665276451433,38.783163433139464],[-110.50664965969094,38.78361400101884],[-110.50711018091123,38.783615944272924],[-110.50711080130188,38.783525830693634],[-110.50722593146901,38.783526316222066],[-110.50722655171198,38.78343620263982],[-110.50734168173696,38.783436688053264],[-110.50734230183227,38.78334657446807],[-110.50768769148921,38.7833480300233],[-110.5076870718286,38.78343814361314],[-110.50791733190356,38.78343911341931],[-110.50791671252998,38.78352922701088],[-110.50837723329272,38.78353116526843],[-110.50837661449594,38.7836212788648],[-110.50929765731351,38.78362514994829],[-110.50929827495108,38.78353503633956],[-110.50975879584662,38.78353696915311],[-110.50975941290184,38.78344685553678],[-110.50998967307639,38.78344782125996],[-110.50998905631096,38.783537934879405],[-110.51021931678633,38.783538900152024],[-110.51021870030793,38.78362901377314],[-110.51044896108414,38.78362997859518],[-110.51044834489278,38.78372009221799],[-110.51067860596982,38.78372105658945],[-110.5106779900655,38.78381117021393],[-110.51079312075305,38.78381165223108],[-110.51079250499089,38.78390176585572],[-110.51090763582609,38.783902247760984],[-110.51090702020606,38.78399236138576],[-110.51102215118891,38.78399284317915],[-110.51102153571104,38.78408295680407],[-110.51113666684157,38.784083438485595],[-110.51113605150583,38.78417355211063],[-110.51125118278401,38.78417403368028],[-110.5112499523941,38.78435426092926],[-110.51136508396482,38.78435474238856],[-110.51136446891064,38.78444485601249],[-110.51147960062903,38.78444533735992],[-110.511478985717,38.78453545098399],[-110.51159411758304,38.784535932219526],[-110.51159350281317,38.78462604584374],[-110.51170863482687,38.7846265269674],[-110.51170802019917,38.78471664059174],[-110.51182315236052,38.78471712160353],[-110.51182253787495,38.78480723522801],[-110.51193767018397,38.78480771612791],[-110.51193705584056,38.78489782975252],[-110.51205218829723,38.78489831054055],[-110.51205034568527,38.78516865141061],[-110.5121654785794,38.78516913208981],[-110.51216425044748,38.7853493593326],[-110.51227938363421,38.78534983990146],[-110.51227876970906,38.785439953522285],[-110.51296956975646,38.785442834562794],[-110.51297018281215,38.78535272093274],[-110.51308531601809,38.78535320070764],[-110.51308592892613,38.78526308707466],[-110.5133161950564,38.785264046281114],[-110.51331680767188,38.785173932643666],[-110.51377733938565,38.78517584968935],[-110.51377795141876,38.78508573604435],[-110.51389308420913,38.78508621502069],[-110.51389369609457,38.78499610137276],[-110.5140088287428,38.78499658023415],[-110.51401005221567,38.78481635293103],[-110.5141251845768,38.78481683167592],[-110.51412579616422,38.78472671802072],[-110.51424092838317,38.78472719665066],[-110.51424215125999,38.784546969333],[-110.51435728319188,38.78454744784645],[-110.51435789448128,38.78445733418399],[-110.514473026271,38.78445781258248],[-110.51447363741276,38.784367698917094],[-110.51458876906031,38.78436817720063],[-110.51458938005443,38.78427806353232],[-110.5147045115598,38.78427854170091],[-110.5147051224063,38.784188428029644],[-110.5148202537695,38.78418890608329],[-110.51482086446835,38.78409879240911],[-110.51493599568938,38.78409927034782],[-110.51493660624058,38.78400915667068],[-110.51505173731947,38.78400963449444],[-110.51505234772304,38.783919520814386],[-110.51528260959915,38.78392047611857],[-110.51528321971021,38.78383036243406],[-110.51539835050747,38.7838308399145],[-110.51539896047088,38.78374072622705],[-110.51562922178378,38.78374168084463],[-110.51562983145466,38.78365156715272],[-110.51597522300978,38.783652998223864],[-110.51597583224323,38.783562884526],[-110.51609096262216,38.78356336132135],[-110.51609157170799,38.783473247620535],[-110.51632183218422,38.783474200867936],[-110.51632244097755,38.78338408716268],[-110.51643757107485,38.78338456361474],[-110.51643817972054,38.78329444990654],[-110.51655330967567,38.78329492624365],[-110.51655391817376,38.783204812532546],[-110.51678417780238,38.783205764863474],[-110.51678478600793,38.78311565114792],[-110.51689991568144,38.78311612714173],[-110.51690052373938,38.783026013423246],[-110.51701565327072,38.783026489302124],[-110.51701626118104,38.78293637558071],[-110.5171313905702,38.78293685134466],[-110.51713199833293,38.782846737620325],[-110.5173622568296,38.78284768880493],[-110.5173628642998,38.78275757507614],[-110.51747799340733,38.78275805049679],[-110.51747860072992,38.78266793676508],[-110.51759372969528,38.782668412070805],[-110.51759433687026,38.78257829833619],[-110.51770946569344,38.78257877352697],[-110.51771007272083,38.782488659789415],[-110.51782520140182,38.78248913486527],[-110.5178258082816,38.7823990211248],[-110.51794093682041,38.78239949608572],[-110.51794154355258,38.782309382342326],[-110.51817180034858,38.78231033192089],[-110.51817240678827,38.782220218173066],[-110.51828753504546,38.782220692790716],[-110.51828814133752,38.78213057903996],[-110.51840326945253,38.78213105354268],[-110.518403875597,38.782040939789],[-110.51863413154538,38.78204188845117],[-110.51863473739736,38.781951774693056],[-110.51874986523075,38.781952248852505],[-110.51875047093512,38.78186213509146],[-110.51898072632021,38.78186308306709],[-110.51898133173212,38.78177296930162],[-110.51909645928383,38.78177344311781],[-110.51909706454815,38.781683329349434],[-110.51932731936995,38.78168427663853],[-110.51932792434178,38.78159416286571],[-110.51944305161186,38.78159463633864],[-110.5194436564361,38.781504522562905],[-110.51967391069459,38.78150546916549],[-110.51967451522637,38.78141535538531],[-110.51990476920591,38.781416301531245],[-110.51990537344521,38.78132618774666],[-110.52002050029415,38.781326660647984],[-110.52002110438586,38.78123654686048],[-110.52025135780211,38.7812374923199],[-110.52025196160135,38.78114737852796],[-110.52036708816864,38.781147851086054],[-110.5203676918203,38.781057737291206],[-110.52048281824541,38.78105820973437],[-110.52048342174949,38.78096809593661],[-110.52071367431805,38.7809690404797],[-110.52071427752966,38.7808789266775],[-110.52094452981926,38.78087987076396],[-110.52094513273842,38.78078975695734],[-110.52117538474904,38.78079070058715],[-110.52117598737574,38.78070058677611],[-110.52129111324022,38.780701058419396],[-110.52129171571936,38.780610944605435],[-110.52140684144165,38.780611416133816],[-110.5214074437732,38.780521302316956],[-110.52152256935332,38.78052177373041],[-110.5215231715373,38.78043165991064],[-110.52163829697524,38.78043213120919],[-110.52163889901165,38.780342017386495],[-110.5217540243074,38.780342488570135],[-110.52175462619624,38.78025237474455],[-110.52186975134981,38.780252845813266],[-110.52187336175707,38.7797121628213],[-110.52175823747274,38.77971169176162],[-110.52175883934274,38.77962157792623],[-110.52164371520597,38.77962110675467],[-110.52164431721813,38.779530992919376],[-110.52152919322894,38.77953052163592],[-110.52152979538327,38.77944040780074],[-110.52141467154165,38.779439936405396],[-110.52141587613198,38.779259708733846],[-110.52153099968389,38.77926018012617],[-110.52153220397372,38.77907995244602],[-110.52164732723858,38.779080423721936],[-110.52164913321852,38.77881008218664],[-110.52176425605145,38.778810553344634],[-110.52176485789452,38.778720439495224],[-110.52187998058531,38.77872091053831],[-110.52188058228082,38.778630796685995],[-110.52199570482942,38.778631267614166],[-110.52199630637736,38.778541153758944],[-110.5221114287838,38.77854162457223],[-110.5221120301842,38.77845151071409],[-110.52234227471541,38.778452451997445],[-110.5223428758234,38.77836233813488],[-110.52245799794818,38.77836280860497],[-110.5224585989086,38.77827269473951],[-110.52257372089122,38.77827316509469],[-110.52257432170411,38.77818305122633],[-110.52268944354454,38.7781835214666],[-110.52269124553246,38.7779131798486],[-110.52280636694101,38.777913649970955],[-110.52280816847016,38.77764330833584],[-110.52292328944684,38.777643778340284],[-110.52292388980634,38.7775536644576],[-110.52338437316041,38.77755554333545],[-110.52338377338035,38.77764565722416],[-110.52418962036728,38.77764894090531],[-110.52419141665744,38.77737859920349],[-110.52430653723174,38.777379067842716],[-110.52430713584492,38.77728895393779],[-110.52442225627703,38.777289422462125],[-110.52442345320566,38.77710919464512],[-110.52453857335072,38.777109663053075],[-110.52453917166616,38.77701954914096],[-110.52465429166908,38.777020017434026],[-110.52465488983698,38.77692990351901],[-110.52488512956111,38.77693083976196],[-110.52488572743664,38.77684072584255],[-110.52534620633762,38.77684259696177],[-110.52534680363107,38.77675248303498],[-110.52546192321815,38.77675295052981],[-110.52546371464791,38.77648260873652],[-110.52557883380311,38.77648307611348],[-110.52558002778657,38.77630284824128],[-110.52569514665475,38.77630331550185],[-110.52569634033782,38.77612308762106],[-110.52581145891898,38.776123554765256],[-110.52581205561167,38.776033440821266],[-110.52604229249229,38.77603437476651],[-110.52604288889262,38.775944260818136],[-110.5265033621065,38.775946127342],[-110.52650276628553,38.77603624129636],[-110.52673300319816,38.77603717388096],[-110.52673181212766,38.77621740179144],[-110.52684693087767,38.77621786791664],[-110.52684633548326,38.77630798187126],[-110.52719169218379,38.776309379571025],[-110.52719109722126,38.776399493528714],[-110.52822716877017,38.77640368051843],[-110.52822657510863,38.77649379448813],[-110.52903240969826,38.77649704469632],[-110.52903300234587,38.776406930716206],[-110.53041443163498,38.77641248955752],[-110.53041384072556,38.77650260355542],[-110.53087431781933,38.776504452880005],[-110.53087372748664,38.776594566882416],[-110.53133420520206,38.77659641439869],[-110.53133479495534,38.77650630039036],[-110.53168015283508,38.776507684832545],[-110.53168074215117,38.776417570818374],[-110.53179586130484,38.77641803207084],[-110.53179645047345,38.77632791805381],[-110.5319115694849,38.776328379191426],[-110.53191215850602,38.77623826517151],[-110.53202727737526,38.776238726194244],[-110.5320278662489,38.776148612171454],[-110.53214298497593,38.77614907307933],[-110.53214416242562,38.77596884502661],[-110.53225928086559,38.77596930581814],[-110.53226045801505,38.77578907775685],[-110.53237557616796,38.77578953843206],[-110.5323761645939,38.77569942439784],[-110.53249128260461,38.77569988495818],[-110.53249245915889,38.77551965688259],[-110.53283781233775,38.77552103787446],[-110.53283840017642,38.77543092383016],[-110.53318375294441,38.775432303797146],[-110.53318434034593,38.77534218974702],[-110.53341457524806,38.77534310915515],[-110.53341574946384,38.77516288104478],[-110.53353086662916,38.77516334057582],[-110.53353145358828,38.77507322651708],[-110.5336465706114,38.77507368593327],[-110.53364715742303,38.77498357187164],[-110.53376227430394,38.77498403117298],[-110.53376286096812,38.774893917108486],[-110.5339930944481,38.77489483536808],[-110.53399368081999,38.77480472129924],[-110.53422391402081,38.77480563910237],[-110.5342245001004,38.77471552502918],[-110.5343396165599,38.774715983759194],[-110.53434078842152,38.774535755605726],[-110.53445590459398,38.77453621421942],[-110.53446176229652,38.773635073353276],[-110.53434664757239,38.77363461475426],[-110.53434899115932,38.77327415837444],[-110.53423387701712,38.77327369966791],[-110.53423915123778,38.7724626727446],[-110.53435426407658,38.77246313143792],[-110.5343566075272,38.772102674985256],[-110.53447171978934,38.77210313355932]]]}},{"type":"Feature","properties":{"id":"black-hole-white-canyon","name":"Black Hole of White Canyon","area_sq_mi":262.582,"centroid":[-110.0963,37.679686],"outlet":[-110.335404,37.816692],"source_file":"data.geojson"},"geometry":{"type":"Polygon","coordinates":[[[-110.33545582794713,37.817278607770525],[-110.33534221825637,37.81727796675261],[-110.33534141013827,37.81736809247834],[-110.33522780031302,37.817367451348794],[-110.3352269920532,37.81745757707105],[-110.33511338209344,37.81745693582987],[-110.33511176528677,37.81763718726606],[-110.33499815505441,37.81763654591117],[-110.3349965379571,37.81781679733764],[-110.33488292745211,37.817816155869046],[-110.33488211875995,37.81790628157811],[-110.33476850812046,37.817905639997875],[-110.33476769928657,37.81799576570348],[-110.33465408851258,37.81799512401162],[-110.33465247055777,37.81817537541447],[-110.33453885951116,37.81817473360889],[-110.33453481387045,37.81862536208124],[-110.33442120213687,37.818624720155746],[-110.33441715571539,37.8190753485828],[-110.33430354329484,37.81907470653737],[-110.33430273386159,37.819164832216515],[-110.33418912130654,37.81916419005944],[-110.334187502153,37.81934444140939],[-110.33407388932531,37.81934379913861],[-110.334073079605,37.81943392480942],[-110.3339594666428,37.819433282426985],[-110.33395865678077,37.81952340809433],[-110.33384504368406,37.81952276560024],[-110.3338442336803,37.81961289126411],[-110.33373062044907,37.81961224865839],[-110.33372981030358,37.81970237431879],[-110.33350258357574,37.81970108877446],[-110.33350177315037,37.81979121442931],[-110.33327454616074,37.819789928442546],[-110.33327373545552,37.819880054091854],[-110.33304650820409,37.81987876766263],[-110.333045697219,37.819968893306395],[-110.3329320834606,37.819968249925346],[-110.33293127233377,37.82005837556563],[-110.33281765844085,37.82005773207293],[-110.33281684717228,37.82014785770975],[-110.33270323314485,37.82014721410539],[-110.33270242173454,37.82023733973873],[-110.33258880757262,37.82023669602274],[-110.33258799602055,37.820326821652586],[-110.33247438172411,37.820326177824946],[-110.33247357003032,37.82041630345132],[-110.33235995559936,37.820415659512015],[-110.33235914376381,37.82050578513493],[-110.33224552919835,37.82050514108396],[-110.33224471722106,37.8205952667034],[-110.33042688245635,37.82058494695227],[-110.33042362567069,37.820945449282824],[-110.3303100104762,37.82094480335864],[-110.33030838178533,37.82112505451136],[-110.33019476631821,37.82112440847343],[-110.3301939518292,37.82121453404561],[-110.33008033622757,37.821213887896015],[-110.3300795215968,37.82130401346471],[-110.32996590586069,37.82130336720345],[-110.32996509108813,37.82139349276867],[-110.32985147521752,37.82139284639573],[-110.3298449558013,37.82211385085046],[-110.32973133882922,37.822113204351254],[-110.32972807848135,37.82247370653675],[-110.32950084344299,37.822472413192905],[-110.32950002807067,37.822562538731596],[-110.32938641041879,37.822561891893216],[-110.32938396386554,37.82283226849468],[-110.32927034580288,37.822831621540445],[-110.32926382039577,37.82355262573281],[-110.32915020123157,37.82355197865228],[-110.32914938540117,37.82364210416796],[-110.32903576610246,37.82364145697576],[-110.32903495013028,37.82373158248794],[-110.32880771126747,37.82373028777061],[-110.32880689501535,37.82382041327721],[-110.32721622144949,37.82381133795258],[-110.32721703963573,37.82372121247526],[-110.32710342026078,37.823720563417965],[-110.32710423858151,37.82363043794134],[-110.32699061934838,37.82362978877655],[-110.32699143780361,37.823539663300615],[-110.32676419962459,37.82353836464645],[-110.32676338089306,37.82362849011819],[-110.32664976167088,37.82362784062463],[-110.32664894279756,37.82371796609287],[-110.32653532344088,37.82371731648763],[-110.32653450442577,37.823807441952376],[-110.32619364596317,37.82380549247283],[-110.32619282652995,37.82389561792989],[-110.32562472847464,37.82389236659503],[-110.3256255485986,37.82380224114845],[-110.32380763764662,37.82379181849947],[-110.32380681531225,37.823881943912426],[-110.32369319577074,37.82388129156325],[-110.32369237329455,37.82397141697268],[-110.32346513394623,37.82397011194136],[-110.32346431119008,37.824060237345186],[-110.32289621219272,37.824056972838505],[-110.32289538874213,37.82414709823042],[-110.32244090905772,37.82414448464404],[-110.32244008505086,37.824234610026096],[-110.32232646500078,37.82423395635342],[-110.32232564085209,37.82432408173196],[-110.32221202066754,37.82432342794758],[-110.32221119637703,37.82441355332264],[-110.322097576058,37.824412899426555],[-110.32209840048667,37.824322774053606],[-110.32175753996609,37.82432081171415],[-110.32175836480553,37.824230686346155],[-110.32164474477752,37.82423003201593],[-110.32164556975145,37.82413990664865],[-110.32141832998275,37.82413859766365],[-110.3214191552293,37.82404847229917],[-110.32119191575161,37.82404716288005],[-110.32119274127079,37.823957037518404],[-110.31948844773002,37.82394720293397],[-110.31948927531776,37.82385707760267],[-110.31937565591602,37.82385642108911],[-110.31937648363822,37.82376629575853],[-110.3191492451221,37.82376498240687],[-110.31915007311692,37.82367485707915],[-110.31846835848609,37.82367091440681],[-110.31846918730608,37.8235807890904],[-110.31687852228576,37.823571574209005],[-110.3168776915317,37.82366169949568],[-110.31676407249128,37.823661040465836],[-110.31676324159537,37.82375116574898],[-110.31664962242051,37.82375050660742],[-110.31664879138273,37.823840631887066],[-110.31460364438281,37.823828748561006],[-110.31460281085465,37.823918873800885],[-110.31437557209706,37.82391755123528],[-110.31437473828889,37.8240076764695],[-110.31403387976593,37.824005691792784],[-110.31403304553959,37.82409581701921],[-110.31369218663566,37.82409383134977],[-110.31369135199115,37.82418395656838],[-110.31346411246417,37.82418263223655],[-110.31346327753964,37.82427275744948],[-110.31334965764358,37.82427209511704],[-110.31334882257717,37.82436222032644],[-110.31323520254668,37.82436155788228],[-110.3132343673384,37.82445168308816],[-110.31312074717349,37.824451020532244],[-110.3131199118233,37.824541145734564],[-110.31300629152396,37.82454048306694],[-110.31300545603193,37.82463060826574],[-110.31289183559815,37.82462994548638],[-110.31289099996424,37.82472007068164],[-110.31277737939604,37.82471940779057],[-110.31277654362023,37.82480953298228],[-110.31266292291761,37.824808869979464],[-110.31266208699992,37.824898995167636],[-110.31232122449993,37.82489700549522],[-110.31232038816405,37.82498713067559],[-110.31209314623972,37.824985803675055],[-110.31209230962381,37.825075928849735],[-110.31197868852907,37.82507526518294],[-110.31197785177127,37.82516539035408],[-110.31175060931668,37.82516406268742],[-110.31174977227883,37.82525418785289],[-110.31140890821047,37.825252195524534],[-110.31140807075442,37.82534232068216],[-110.3112944492676,37.82534165635138],[-110.31129361166967,37.82543178150546],[-110.31117999004843,37.825431117062934],[-110.31117915230858,37.8255212422135],[-110.31106553055292,37.825520577659226],[-110.3110646926712,37.82561070280624],[-110.3109510707811,37.82561003814023],[-110.31095023275746,37.82570016328369],[-110.31083661073296,37.82569949850595],[-110.31083577256743,37.82578962364588],[-110.3107221504085,37.8257889587564],[-110.31072131210107,37.82587908389277],[-110.31060768980771,37.82587841889155],[-110.31060685135839,37.82596854402438],[-110.3104932289306,37.82596787891141],[-110.31049239033936,37.8260580040407],[-110.31037876777717,37.82605733881599],[-110.31037792904402,37.82614746394174],[-110.31026430634739,37.82614679860527],[-110.31026346747235,37.82623692372747],[-110.3101498446413,37.82623625827927],[-110.31014900562437,37.82632638339792],[-110.31003538265888,37.82632571783797],[-110.31002950846839,37.82695659361435],[-110.30991588453948,37.82695592792977],[-110.30991504521627,37.82704605303294],[-110.30980142115293,37.827045387236616],[-110.30980058168781,37.827135512336234],[-110.30968695749004,37.827134846428144],[-110.30968611788302,37.82722497152423],[-110.30957249355083,37.8272243055044],[-110.30957165380187,37.82731443059692],[-110.30900353150622,37.82731109884304],[-110.30900269106267,37.8274012239234],[-110.30866181731572,37.827399223549385],[-110.30866097645391,37.82748934862192],[-110.30809285292645,37.82748601246243],[-110.30809201137001,37.82757613752278],[-110.30775113688404,37.82757413450538],[-110.30775029490933,37.827664259557885],[-110.30763666995,37.82766359166406],[-110.30763582783337,37.827753716713005],[-110.30740857764964,37.82775238059223],[-110.3074077352529,37.82784250563548],[-110.30729411002848,37.82784183740853],[-110.30729326748983,37.827931962448204],[-110.30706601677592,37.827930625661196],[-110.30706517395714,37.82802075069516],[-110.30695154846765,37.828020082135076],[-110.30695070550694,37.82811020716551],[-110.30672345426288,37.82810886971223],[-110.30672261102205,37.82819899473694],[-110.30638173376963,37.82819698772852],[-110.30638257742498,37.82810686271031],[-110.30615532621853,37.82810552416098],[-110.30615617014647,37.82801539914567],[-110.30592891923142,37.82801406016227],[-110.30592976343196,37.82792393514989],[-110.30581613811825,37.82792326549593],[-110.3058169824532,37.827833140484316],[-110.30468073090503,37.82782643793823],[-110.30468242232712,37.82764618795404],[-110.30456879746937,37.82764551710094],[-110.30457048915272,37.82746526711551],[-110.3044568645751,37.827464596157135],[-110.3044585565197,37.82728434617043],[-110.30434493222221,37.827283675106784],[-110.30434577832702,37.827193550113506],[-110.30423215417144,37.82719287894243],[-110.30423300041066,37.827102753949895],[-110.30411937639704,37.82710208267139],[-110.30412022277066,37.82701195767963],[-110.30400659889898,37.82701128629369],[-110.304007445407,37.82692116130271],[-110.30378019795128,37.82691981820634],[-110.30378104473185,37.826829693218286],[-110.30366742114784,37.82682902150786],[-110.3036699618814,37.826558646541834],[-110.30355633871565,37.826557974728324],[-110.30355718575746,37.82646784973903],[-110.30344356273365,37.82646717781808],[-110.30344440990984,37.82637705282954],[-110.30321716414991,37.82637570866321],[-110.30321801159864,37.826285583677596],[-110.30310438886251,37.82628491143221],[-110.30310523644563,37.82619478644738],[-110.30242350093715,37.82619075068649],[-110.30242434934549,37.826100625713295],[-110.30185623721658,37.82609725957616],[-110.30185708631193,37.826007134612425],[-110.3014025972296,37.82600443973869],[-110.30140344687382,37.82591431478223],[-110.30128982475085,37.82591364079198],[-110.30129067452945,37.82582351583631],[-110.30117705254844,37.82582284173864],[-110.3011779024614,37.82573271678375],[-110.30106428062236,37.825732042578665],[-110.30106513066968,37.82564191762454],[-110.30095150897257,37.82564124331203],[-110.30095235915428,37.82555111835869],[-110.30083873759914,37.82555044393876],[-110.30083958791519,37.82546031898621],[-110.30061234509257,37.825458969821916],[-110.30061319568118,37.82536884487231],[-110.3004995744137,37.825368170127945],[-110.30050042513666,37.82527804517912],[-110.30004594065737,37.82527534511448],[-110.30004679192916,37.82518522017297],[-110.299705929024,37.8251831939803],[-110.29970678070647,37.825093069043916],[-110.29959315988384,37.825092393429344],[-110.29959401170066,37.825002268493755],[-110.29948039101998,37.82500159277178],[-110.29948124297115,37.82491146783697],[-110.29936762243243,37.82491079200758],[-110.29936847451796,37.824820667073546],[-110.29902761333902,37.82481863893439],[-110.29902846583524,37.82472851400549],[-110.29868760510494,37.82472648488656],[-110.29868845801181,37.82463635996283],[-110.29846121782028,37.82463500667328],[-110.29846207099963,37.824544881752516],[-110.29800759121483,37.82454217386709],[-110.298008444943,37.824452048953646],[-110.29732672620888,37.824447983850916],[-110.29732758076214,37.824357858949206],[-110.29698672186096,37.82435582492494],[-110.29698757682486,37.8242657000284],[-110.29676033785276,37.82426434346865],[-110.29676119308915,37.824174218575074],[-110.29642033507406,37.824172182920115],[-110.29642119072108,37.82408205803172],[-110.29630757152847,37.82408137926308],[-110.29630842730982,37.823991254375464],[-110.2961948082592,37.82399057549944],[-110.29619566417487,37.823900450612605],[-110.29608204526623,37.82389977162918],[-110.29608290131624,37.82380964674315],[-110.29596928254954,37.82380896765231],[-110.29597013873388,37.82371884276709],[-110.29574290148823,37.82371748426106],[-110.29574375794505,37.82362735937879],[-110.29551652099096,37.82362600043879],[-110.29551737772023,37.82353587555954],[-110.29540375938706,37.82353519592734],[-110.29540461625068,37.82344507104889],[-110.29517737987207,37.82344371146014],[-110.29517823700816,37.82335358658466],[-110.29506461896274,37.8233529066281],[-110.29506547623313,37.823262781753414],[-110.29438376886975,37.823258699725955],[-110.29438462696518,37.82316857486305],[-110.29404377374955,37.82316653237653],[-110.29404463225558,37.8230764075188],[-110.29324930918673,37.82307163789686],[-110.29325016865593,37.82298151305313],[-110.29302293380417,37.822980149322134],[-110.2930237935458,37.82289002448141],[-110.29245570717417,37.82288661324725],[-110.29245656760267,37.82279648841613],[-110.29222933335714,37.822795123159786],[-110.29223019405808,37.822704998331666],[-110.29211657707921,37.82270431554134],[-110.29211743791446,37.82261419071401],[-110.29154935376837,37.822610775129604],[-110.29155021529047,37.822520650311915],[-110.2913229819352,37.822519283315486],[-110.29132384372973,37.822429158500796],[-110.29018767856535,37.82242231696584],[-110.29018681538946,37.82251244175844],[-110.29007319875603,37.822511757000036],[-110.29007233543817,37.822601881789026],[-110.28995871867046,37.82260119691883],[-110.2899578552106,37.82269132170422],[-110.28973062141046,37.82268995163066],[-110.2897314851466,37.82259982684971],[-110.28950425163814,37.82259845634225],[-110.28950511564669,37.82250833156431],[-110.28939149903637,37.82250764614842],[-110.28939236317922,37.82241752137129],[-110.28916513024642,37.82241615021518],[-110.28916599466167,37.82232602544109],[-110.28837068048524,37.82232122295844],[-110.28836981510304,37.82241134771704],[-110.28587025445555,37.82239621919513],[-110.28587112287673,37.82230609448534],[-110.28541665805814,37.82230333815569],[-110.28541752702799,37.82221321345341],[-110.28484944678257,37.822209765586926],[-110.28485031643923,37.82211964089436],[-110.28473670053991,37.82211895099454],[-110.28473757033082,37.822028826302805],[-110.28451033882008,37.8220274461789],[-110.28451120888337,37.821937321490225],[-110.28428397766442,37.82193594093245],[-110.28428484800008,37.82184581624682],[-110.28405761707292,37.821844435255194],[-110.28405848768098,37.821754310572615],[-110.28383125704559,37.82175292914713],[-110.28383212792603,37.82166280446762],[-110.28371851275229,37.82166211359275],[-110.28371938376698,37.82157198891406],[-110.28337853868345,37.82156991563865],[-110.28337941010865,37.82147979096525],[-110.28315218034864,37.82147840823822],[-110.2831530520462,37.82138828356789],[-110.28292582257801,37.82138690040701],[-110.28292669454792,37.82129677573975],[-110.28281307995779,37.821296083997176],[-110.28281395206197,37.82120595933073],[-110.28270033761385,37.82120526748083],[-110.28270120985225,37.82111514281523],[-110.28258759554615,37.82111445085797],[-110.28258846791879,37.821024326193196],[-110.28247485375469,37.82102363412859],[-110.28247572626158,37.820933509464666],[-110.2823621122395,37.82093281729272],[-110.2823629848806,37.82084269262963],[-110.28088600474345,37.820833684452175],[-110.2808868791763,37.82074355981674],[-110.28077326548498,37.82074286611523],[-110.28077414005206,37.82065274148064],[-110.28054691295738,37.82065135375339],[-110.28054778779679,37.820561229121864],[-110.28032056099396,37.82055984096079],[-110.28032143610571,37.82046971633237],[-110.28009420959474,37.82046832773749],[-110.28009508497883,37.82037820311213],[-110.2799814718673,37.82037750865256],[-110.27998234738563,37.82028738402805],[-110.27975512145055,37.82028599478469],[-110.2797559972412,37.82019587016327],[-110.27964238441763,37.820195175379475],[-110.2796432603425,37.82010505075889],[-110.27952964766096,37.82010435586776],[-110.27953052372004,37.820014231248024],[-110.27918968611323,37.82001214592395],[-110.27919056258274,37.81992202130955],[-110.27907695019307,37.81992132598462],[-110.27907782679681,37.81983120137105],[-110.27896421454916,37.81983050593881],[-110.2789650912871,37.81974038132608],[-110.27873786707977,37.819738990137374],[-110.27873874409003,37.819648865527725],[-110.27862513213034,37.81964816977127],[-110.27862600927482,37.81955804516247],[-110.27851239745715,37.819557349298684],[-110.27851327473584,37.81946722469074],[-110.2783996630602,37.81946652871963],[-110.27840054047307,37.819376404112525],[-110.27828692893947,37.819375708034094],[-110.27828780648655,37.81928558342784],[-110.27794697232353,37.81928349454187],[-110.27794785028105,37.81919336994096],[-110.27624368206638,37.81918291075322],[-110.27624456209166,37.81909278618465],[-110.27544928486024,37.81908789680946],[-110.27544840386817,37.819178021362234],[-110.27499395926988,37.81917522501408],[-110.27499484081439,37.81908510047031],[-110.27488122981275,37.8190844011116],[-110.27488211149145,37.818994276568695],[-110.27408683555684,37.8189893780057],[-110.27408595291138,37.8190795025328],[-110.2739723419412,37.81907880229757],[-110.27397145915367,37.819168926821],[-110.27374423694891,37.8191675260173],[-110.27374335388124,37.8192576505348],[-110.27362974264663,37.81925694996636],[-110.27362885943693,37.819347074480206],[-110.27351524806815,37.819346373799924],[-110.27351436471638,37.819436498310104],[-110.27340075321344,37.81943579751798],[-110.2733998697196,37.819525922024525],[-110.27328625808248,37.81952522112058],[-110.27328537444662,37.819615345623454],[-110.27317176267532,37.81961464460767],[-110.27317087889739,37.81970476910688],[-110.27305726699191,37.81970406797926],[-110.27305638307192,37.81979419247481],[-110.27282915899657,37.819792789886364],[-110.27282562217225,37.82015328783643],[-110.27271200958803,37.82015258636879],[-110.27270935651404,37.82042295980987],[-110.27259574351939,37.820422258225875],[-110.27259397450744,37.820602507175046],[-110.27248036124051,37.82060180547695],[-110.2724794765905,37.82069192994717],[-110.27236586318938,37.820691228137235],[-110.27236409360128,37.820871477068955],[-110.27213686625839,37.82087007311131],[-110.27213598118217,37.82096019757054],[-110.27202236737853,37.82095949542508],[-110.27201971171182,37.821229868787576],[-110.27179248328761,37.82122846415436],[-110.27179336879004,37.82113833970612],[-110.27167975472197,37.82113763722742],[-110.27167886908141,37.82122776167339],[-110.27133802648655,37.821225653573016],[-110.27133714042768,37.821315778010785],[-110.27110991177459,37.821314372058126],[-110.27109750266784,37.82257611397623],[-110.2709838864134,37.822575410803765],[-110.27098211334439,37.82275565962228],[-110.27086849681763,37.82275495633571],[-110.27086406338519,37.82320557834611],[-110.27075044617169,37.82320487493861],[-110.2707495593352,37.82329499933421],[-110.27063594198754,37.823294295814854],[-110.27063505500894,37.82338442020679],[-110.27052143752708,37.82338371657557],[-110.2705205504064,37.82347384096385],[-110.27040693279035,37.82347313722077],[-110.27040604552758,37.82356326160538],[-110.27029242777733,37.82356255775047],[-110.27029154037248,37.82365268213139],[-110.27017792248806,37.82365197816461],[-110.27017703494109,37.82374210254186],[-110.27006341692247,37.82374139846322],[-110.27006252923341,37.82383152283681],[-110.2699489110806,37.82383081864633],[-110.26994802324944,37.82392094301623],[-110.26983440496247,37.823920238713875],[-110.2698335169892,37.82401036308012],[-110.26971989856803,37.82400965866591],[-110.26971901045266,37.82409978302849],[-110.2696053918973,37.824099078502414],[-110.26960450363983,37.824189202861305],[-110.26949088495029,37.82418849822338],[-110.2694899965507,37.824278622578596],[-110.26937637772699,37.824277917828795],[-110.2693754891853,37.824368042180346],[-110.26926187022738,37.8243673373187],[-110.2692583154684,37.82472783470176],[-110.26914469596187,37.82472712972143],[-110.26913669627903,37.825538248730936],[-110.26902307553308,37.825537543620534],[-110.26901774140393,37.82607828955018],[-110.26890411983301,37.82607758431655],[-110.26890323065946,37.826167708630976],[-110.26878960895434,37.82616700328547],[-110.26878871963865,37.826257127596215],[-110.26867509779935,37.82625642213884],[-110.26867420834155,37.82634654644591],[-110.26856058636803,37.82634584087666],[-110.26855969676811,37.82643596518007],[-110.2684460746604,37.826435259498936],[-110.26844518491835,37.826525383798675],[-110.26833156267647,37.826524678005654],[-110.26833067279227,37.826614802301705],[-110.26821705041618,37.82661409639683],[-110.26821616038985,37.82670422068922],[-110.26810253787959,37.82670351467247],[-110.26810164771113,37.826793638961156],[-110.26798802506664,37.82679293283253],[-110.26798713475607,37.82688305711754],[-110.26775988920271,37.82688164452695],[-110.26775899861182,37.82697176880601],[-110.267531752798,37.82697035577247],[-110.26753086192683,37.82706048004556],[-110.26730361585255,37.82705906656908],[-110.26730272470108,37.82714919083621],[-110.26696185520498,37.827147069792645],[-110.26696096363503,37.82723719405154],[-110.26684734033945,37.82723648681554],[-110.26684555691129,37.82741673532455],[-110.26673193334335,37.82741602797439],[-110.26672925775678,37.82768640072056],[-110.26661563377831,37.827685693253954],[-110.26661384975773,37.82786594173983],[-110.26650022550689,37.82786523415905],[-110.26649844119405,37.82804548263475],[-110.26638481667085,37.82804477493981],[-110.26638213975723,37.82831514763602],[-110.2662685148235,37.828314439824624],[-110.26626762237284,37.82840456405162],[-110.2661539973049,37.82840385612833],[-110.26615310471207,37.82849398035163],[-110.26603947950996,37.82849327231646],[-110.26603858677497,37.82858339653607],[-110.26592496143866,37.82858268838902],[-110.26592406856152,37.828672812604935],[-110.26581044309101,37.828672104346],[-110.26580955007172,37.82876222855825],[-110.26569592446701,37.828761520187406],[-110.26569503130557,37.82885164439596],[-110.26558140556665,37.82885093591324],[-110.26558051226304,37.82894106011812],[-110.26546688638994,37.8289403515235],[-110.26546599294417,37.82903047572468],[-110.26535236693688,37.829029767018184],[-110.26535147334896,37.82911989121567],[-110.26523784720746,37.82911918239727],[-110.26523695347737,37.829209306591075],[-110.26455519588306,37.82920505136524],[-110.26455161760651,37.82956554807155],[-110.26466524441499,37.82956625755902],[-110.26466345552915,37.829746505908346],[-110.26477708261797,37.829747215290794],[-110.26477618830725,37.82983733946565],[-110.26488981553824,37.82983804874077],[-110.26488892136172,37.82992817291652],[-110.26488802718121,37.830018297090845],[-110.26477439967385,37.83001758781114],[-110.26477350535116,37.830107711981796],[-110.2646598777096,37.83010700259019],[-110.26465898324474,37.83019712675715],[-110.26454535546898,37.83019641725364],[-110.26454446086196,37.83028654141691],[-110.264430832952,37.83028583180151],[-110.2644299382028,37.83037595596109],[-110.26431631015863,37.83037524623379],[-110.2643145203719,37.83055549454416],[-110.26420089205536,37.83055478470268],[-110.2641999970178,37.83064490885347],[-110.26408636856705,37.83064419890008],[-110.26408547338733,37.83073432304719],[-110.26385821622144,37.83073290280697],[-110.26385732076135,37.830823026948096],[-110.26363006333503,37.83082160626487],[-110.26362916759457,37.830911730400004],[-110.26340190990786,37.83091030927373],[-110.26340101388702,37.831000433402885],[-110.2631737559399,37.830999011833576],[-110.26317285963866,37.83108913595674],[-110.2630592305329,37.83108842500538],[-110.26305833408951,37.83117854912485],[-110.26271744638164,37.8311764156062],[-110.26271654951965,37.83126653971738],[-110.2626029201535,37.83126582832296],[-110.26260202314931,37.83135595243046],[-110.26237476415264,37.8313545293082],[-110.26237386686806,37.831444653409704],[-110.26214660761099,37.8314432298444],[-110.26214571004603,37.831533353939896],[-110.2620320802853,37.83153264199053],[-110.26203118257814,37.83162276608235],[-110.2618039227923,37.831621341850166],[-110.26180302480475,37.83171146593597],[-110.26168939477964,37.83171075365316],[-110.26168849664988,37.83180087773526],[-110.26146123633528,37.831799452836215],[-110.26146033792513,37.83188957691233],[-110.26123307735016,37.83188815157021],[-110.2612321786596,37.83197827564031],[-110.26111854823992,37.83197756280253],[-110.26111764940717,37.83206768686894],[-110.26089038830345,37.83206626085992],[-110.26088948919029,37.832156384920324],[-110.26054859715016,37.832154245077774],[-110.26054769761839,37.83224436912987],[-110.26032043600196,37.83224294201549],[-110.2603195361898,37.83233306606158],[-110.26009227431301,37.83233163850411],[-110.26009137422042,37.8324217625442],[-110.25975048102075,37.83241962037896],[-110.25974958050955,37.83250974441073],[-110.2595223181201,37.83250831574786],[-110.25952141732849,37.83259843977363],[-110.25906689204497,37.83259558112326],[-110.25906599069653,37.8326857051384],[-110.25872509636149,37.8326835599927],[-110.25872419459441,37.83277368399953],[-110.25849693144808,37.83277225334969],[-110.25849602940059,37.8328623773505],[-110.25826876599393,37.83286094625756],[-110.25826786366599,37.83295107025233],[-110.25792696817157,37.832948922783864],[-110.25792606542501,37.83303904677032],[-110.25769880150578,37.83303761457194],[-110.25769789847877,37.83312773855236],[-110.25747063429924,37.833126305910895],[-110.2574697309918,37.83321642988531],[-110.25712883433808,37.833214280094005],[-110.257127930612,37.83330440406008],[-110.25678703357993,37.83330225327524],[-110.2567861294352,37.833392377232975],[-110.25633159956271,37.83338950797591],[-110.25633069486112,37.83347963192299],[-110.25621706226487,37.83347891433235],[-110.25621615742104,37.83356903827571],[-110.25587525924188,37.833566884839136],[-110.25587435397938,37.833657008774125],[-110.25564708827036,37.833655572597],[-110.25564618272742,37.83374569652598],[-110.25541891675815,37.833744259905714],[-110.25541801093473,37.83383438382865],[-110.25519074470519,37.83383294676527],[-110.25518983860132,37.833923070682154],[-110.25496257211152,37.83392163317564],[-110.2549616657272,37.83401175708649],[-110.25484803235014,37.834011038166494],[-110.25484712582356,37.83410116207362],[-110.25461985880516,37.83409972390008],[-110.25461895199813,37.83418984780118],[-110.25439168471947,37.834188409184506],[-110.25439077763195,37.83427853307956],[-110.25416351009305,37.834277094019754],[-110.25416260272506,37.834367217908735],[-110.25404896882347,37.83436649821208],[-110.25404806131323,37.83445662209737],[-110.25393442727747,37.83445590228875],[-110.25393351962497,37.834546026170315],[-110.25381988545503,37.83454530624975],[-110.25381897766026,37.834635430127584],[-110.25370534335617,37.834634710095074],[-110.25370443541915,37.83472483396918],[-110.25359080098087,37.83472411382473],[-110.25358989290159,37.834814237695106],[-110.25347625832916,37.834813517438704],[-110.25347535010759,37.83490364130536],[-110.253361715401,37.834902920937],[-110.2533598986693,37.83508316866146],[-110.25324626369031,37.835082448178824],[-110.25324535518017,37.83517257203663],[-110.25313172006702,37.83517185144204],[-110.25313081141461,37.83526197529611],[-110.25301717616728,37.835261254589575],[-110.25301535857388,37.83544150228889],[-110.25290172305417,37.835440781468066],[-110.25290081411315,37.835530905313284],[-110.25278717845927,37.8355301843805],[-110.25278626937599,37.83562030822202],[-110.25267263358795,37.83561958717727],[-110.25267081513279,37.835799834851414],[-110.25255717907235,37.83579911369239],[-110.25255626970046,37.835889237525045],[-110.25244263350585,37.83588851625406],[-110.2524417239917,37.83597864008298],[-110.25232808766292,37.83597791870003],[-110.25232626834598,37.836158166349016],[-110.2522126317448,37.836157444851786],[-110.25221172194202,37.83624756867185],[-110.2520980852067,37.83624684706266],[-110.25209717526162,37.83633697087898],[-110.25198353839211,37.836336249157824],[-110.25198171821336,37.836516496781634],[-110.25186808107145,37.83651577494619],[-110.25186717083777,37.83660589875365],[-110.2517535335617,37.83660517680626],[-110.25175171280569,37.83678542441232],[-110.2516380752572,37.83678470235063],[-110.25163716473489,37.83687482614923],[-110.25152352705224,37.83687410397557],[-110.25152170571894,37.83705435156391],[-110.25140806776392,37.837053629275964],[-110.25140715695295,37.8371437530657],[-110.25129351886373,37.837143030665786],[-110.25129260791047,37.83723315445178],[-110.25117896968707,37.837232431939896],[-110.25117623638823,37.837502803282504],[-110.25106259775421,37.83750208065399],[-110.2510607752582,37.83768232820407],[-110.25094713635175,37.83768160546125],[-110.25094440216257,37.837951976768856],[-110.25083076284548,37.8379512539094],[-110.2508289397559,37.838131501436116],[-110.2507153001664,37.838130778462364],[-110.25071347678407,37.838311025978825],[-110.25059983692216,37.83831030289076],[-110.25059710140349,37.83858067414794],[-110.25048346113091,37.83857995094324],[-110.2504807251609,37.838850322180804],[-110.25036708447767,37.83884959885946],[-110.25036526020085,37.83902984633949],[-110.2502516192452,37.83902912290384],[-110.25024249623458,37.83993036019659],[-110.25012885390052,37.83992963662794],[-110.25011151643287,37.84164198705368],[-110.24977058157447,37.84163981555677],[-110.2497696686207,37.84172993924235],[-110.2492014432468,37.841726317876095],[-110.24920052959764,37.8418164415486],[-110.24908688439682,37.84181571694405],[-110.24908597060532,37.84190584061283],[-110.24885867993937,37.84190439107009],[-110.24885776586727,37.84199451473278],[-110.2486304749411,37.84199306474674],[-110.24862956058838,37.84208318840336],[-110.24840226940198,37.84208173797402],[-110.24840135476866,37.84217186162455],[-110.24817406332204,37.84217041075191],[-110.24817314840811,37.84226053439637],[-110.24794585670128,37.842259083080435],[-110.24794494150674,37.842349206718794],[-110.2477176495397,37.84234775495955],[-110.24771673406454,37.842437878591824],[-110.24748944183729,37.84243642638927],[-110.24748852608151,37.84252655001548],[-110.24726123359405,37.84252509736961],[-110.24726031755765,37.84261522098972],[-110.24703302480998,37.84261376790053],[-110.24703210849297,37.84270389151453],[-110.2468048154851,37.84270243798205],[-110.24680389888748,37.84279256158998],[-110.24657660561941,37.84279110761417],[-110.24657568874115,37.842881231216],[-110.24578016146387,37.84287613882999],[-110.24577924361361,37.84296626241399],[-110.24521100927552,37.842962621693935],[-110.24521009072981,37.8430527452648],[-110.2448691497613,37.84305055950981],[-110.24486823079668,37.84314068307222],[-110.24464093656161,37.843139225349226],[-110.24464001731636,37.84322934890552],[-110.24452637006668,37.84322861987719],[-110.24452545067906,37.843318743429734],[-110.24429815591549,37.84331728503939],[-110.24429723624722,37.843407408585826],[-110.2441835887333,37.84340667922381],[-110.24418266892266,37.843496802766495],[-110.24406902127457,37.843496073292464],[-110.24406810132156,37.84358619683139],[-110.24384080576114,37.84358473754964],[-110.24383988552746,37.843674861082455],[-110.24372623761515,37.84367413127474],[-110.2437253172391,37.843764254803794],[-110.24361166919259,37.84376352488406],[-110.24361074867416,37.843853648409365],[-110.24349710049349,37.843852918377614],[-110.24349802115019,37.84376279485467],[-110.24304342902164,37.84375987364047],[-110.24304250781185,37.84384999715399],[-110.24258791519591,37.843847074175805],[-110.24258699342889,37.8439371976785],[-110.24201875206006,37.84393354147657],[-110.24201782959754,37.84402366496606],[-110.241335939261,37.84401927389075],[-110.2413350159647,37.844109397364676],[-110.2407667734394,37.844105735107725],[-110.24076584944758,37.84419585856844],[-110.23906112041576,37.844184855312776],[-110.23906019434563,37.84427497873658],[-110.23803735612782,37.8442683649183],[-110.23781005879154,37.844266893974606],[-110.23781098638273,37.84417677057689],[-110.23747004082418,37.84417456334601],[-110.23747096882606,37.844084439954],[-110.23713002371957,37.84408223174328],[-110.23713095213216,37.84399210835701],[-110.23679000747775,37.84398989916646],[-110.23679093630103,37.84389977578591],[-110.23633634403957,37.84389682867276],[-110.2363372734118,37.8438067053003],[-110.23576903386963,37.843803018953395],[-110.23576996392909,37.84371289559144],[-110.23565631617136,37.84371215799545],[-110.23565724636495,37.84362203463447],[-110.23554359874966,37.843621296931204],[-110.23554452907737,37.8435311735712],[-110.23531723413576,37.84352969784045],[-110.23531816473589,37.8434395744838],[-110.23520451740957,37.843438836456315],[-110.23520544814382,37.84334871310066],[-110.23509180095994,37.843347974965894],[-110.2350927318283,37.8432578516112],[-110.23497908478683,37.843257113369155],[-110.23498001578932,37.843166990015455],[-110.23486636889028,37.84316625166613],[-110.23486730002688,37.84307612831341],[-110.23464000651778,37.84307465129058],[-110.23464093792678,37.84298452794121],[-110.23452729131674,37.84298378926769],[-110.23452822285985,37.84289366591929],[-110.23441457639223,37.84289292713849],[-110.23441550806946,37.8428028037911],[-110.23430186174426,37.842802064903026],[-110.23430279355561,37.8427119415566],[-110.23418914737282,37.84271120256127],[-110.23419007931828,37.84262107921581],[-110.23407643327793,37.84262034011321],[-110.23407736535749,37.84253021676876],[-110.23396371945955,37.84252947755887],[-110.23396465167323,37.8424393542154],[-110.23385100591773,37.842438614898235],[-110.23385287060916,37.842258368211844],[-110.23373922513433,37.84225762878981],[-110.23374109008566,37.84207738210257],[-110.23362744489151,37.84207664257565],[-110.23362931010274,37.84189639588759],[-110.23351566518929,37.841895656255794],[-110.23352032883588,37.84144503952301],[-110.23340668461789,37.84144429979349],[-110.23341041601334,37.84108380639157],[-110.23329677235253,37.84108306656196],[-110.23330050423448,37.84072257314715],[-110.23318686113085,37.84072183321742],[-110.23318872732337,37.84054158650638],[-110.23307508450041,37.840540846471775],[-110.23307695095279,37.84036059975989],[-110.2329633084105,37.84035985962043],[-110.23296424176871,37.84026973626478],[-110.23273695697311,37.84026825566166],[-110.23273789060366,37.8401781323094],[-110.23262424835035,37.840177391845764],[-110.23262518211499,37.840087268494464],[-110.23228425579481,37.84008504645285],[-110.23228518997001,37.83999492310733],[-110.23217154800987,37.83999418220989],[-110.23217061369641,37.84008430555303],[-110.23171604534448,37.84008134085726],[-110.23171511047386,37.84017146418942],[-110.23160146825805,37.84017072273897],[-110.23160053324501,37.840260846067345],[-110.23137324854939,37.840259362832725],[-110.23137231325568,37.84034948615491],[-110.23114502830023,37.840348002476915],[-110.23114409272584,37.840438125792915],[-110.23091680751058,37.84043664167155],[-110.23091587165553,37.840526764981355],[-110.23080222891589,37.8405260227538],[-110.2308012929184,37.8406161460598],[-110.23057400717518,37.84061466127097],[-110.23057307089701,37.8407047845708],[-110.2304594278934,37.84070404200952],[-110.2304584914728,37.84079416530553],[-110.23034484833511,37.8407934226322],[-110.23034391177208,37.84088354592442],[-110.2302302685003,37.840882803139046],[-110.23022933179486,37.840972926427476],[-110.230115688389,37.840972183530056],[-110.23011475154112,37.84106230681468],[-110.23000110800119,37.841061563805205],[-110.23000017101087,37.841151687086025],[-110.22977288366705,37.84115020073335],[-110.22977194639603,37.84124032400799],[-110.22965830259211,37.84123958066478],[-110.22965736517867,37.8413297039356],[-110.22943007730689,37.84132821691543],[-110.22942913961273,37.84141834018005],[-110.22920185148116,37.841416852716485],[-110.22920091350632,37.841506975974916],[-110.22897362511496,37.841505488067945],[-110.22897268685941,37.84159561132016],[-110.22863175388896,37.84159337863012],[-110.22863081521444,37.84168350187373],[-110.22828988186689,37.84168126818961],[-110.2282889427734,37.84177139142462],[-110.22817529819433,37.84177064664154],[-110.2281743589584,37.84186076987275],[-110.22783342483152,37.84185853485839],[-110.22783248517662,37.84194865808097],[-110.22760519550313,37.841947167518335],[-110.22760425556753,37.84203729073471],[-110.2270360307658,37.842033562397155],[-110.22703509013469,37.84212368560011],[-110.22658050981576,37.84212070094668],[-110.2265795686274,37.84221082413859],[-110.22601134263184,37.84220709084258],[-110.22601040074795,37.84229721402103],[-110.22544217416606,37.842293477971616],[-110.22544123158666,37.84238360113664],[-110.22441842275967,37.84237686931779],[-110.22441747893168,37.84246699245967],[-110.22396289678713,37.8424639976795],[-110.22396195240188,37.842554120810334],[-110.22362101542286,37.84255187356658],[-110.22362007061861,37.84264199668875],[-110.22305184171317,37.84263824907733],[-110.22305089621338,37.84272837218601],[-110.22180079147158,37.8427201177646],[-110.22179984444665,37.842810240845246],[-110.22134526047773,37.84280723593811],[-110.22134431289548,37.842897359007665],[-110.22088972844111,37.84289435233633],[-110.22088878030156,37.84298447539478],[-110.2206614878232,37.842982971396324],[-110.22066053940289,37.843073094448506],[-110.22043324666491,37.84307159000658],[-110.22043229796384,37.84316171305251],[-110.22031865146292,37.84316096066464],[-110.22031770261934,37.84325108370674],[-110.22009040935366,37.84324957859716],[-110.22008946022933,37.84333970163299],[-110.21986216670403,37.843338196079934],[-110.21986121729891,37.843428319109506],[-110.21974757040435,37.84342756616606],[-110.21974662085672,37.843517689191806],[-110.21963297382813,37.84351693613628],[-110.21963202413801,37.84360705915819],[-110.21951837697534,37.84360630599056],[-110.21951742714273,37.843696429008645],[-110.21940377984603,37.84369567572893],[-110.2194028298709,37.84378579874319],[-110.21928918244018,37.84378504535138],[-110.21928823232254,37.84387516836179],[-110.21917458475778,37.84387441485789],[-110.21917363449764,37.84396453786448],[-110.21905998679883,37.8439637842485],[-110.21905903639616,37.84405390725125],[-110.21894538856333,37.84405315352318],[-110.21894443801816,37.84414327652208],[-110.21883079005127,37.84414252268192],[-110.21882983936358,37.84423264567699],[-110.21871619126269,37.84423189172473],[-110.21871524043246,37.84432201471597],[-110.21860159219752,37.84432126065162],[-110.2186006412248,37.84441138363903],[-110.21848699285582,37.84441062946258],[-110.21848604174058,37.844500752446145],[-110.21837239323754,37.84449999815761],[-110.21837144197978,37.84459012113734],[-110.21825779334273,37.8445893667367],[-110.21825684194245,37.84467948971259],[-110.21814319317136,37.844678735199864],[-110.21814224162856,37.8447688581719],[-110.21802859272341,37.844768103547075],[-110.21802764103809,37.84485822651529],[-110.21791399199893,37.844857471778376],[-110.21791304017107,37.844947594742756],[-110.21779939099787,37.84494683989373],[-110.21779748705288,37.84512708581341],[-110.21734288929625,37.84512406530117],[-110.21734193676426,37.845214188249166],[-110.21677368897261,37.84521041012923],[-110.21677464219601,37.84512028719343],[-110.21643369398687,37.84511801901281],[-110.21643464762087,37.845027896082925],[-110.21609369986483,37.845025626922656],[-110.21609465390944,37.84493550399869],[-110.21575370660652,37.84493323385876],[-110.21575466106171,37.84484311094071],[-110.21541371421193,37.844840839821146],[-110.2154146690777,37.84475071690902],[-110.21530102027457,37.84474995965228],[-110.21530197527436,37.844659836741194],[-110.21507467795743,37.844658321903616],[-110.21507563322952,37.844568198996015],[-110.21496198471573,37.84456744141517],[-110.21496389552367,37.84438719560064],[-110.21485024729068,37.84438643791503],[-110.21485215835814,37.84420619209978],[-110.21473851040597,37.84420543430939],[-110.21474042173294,37.844025188493426],[-110.21462677406159,37.844024430598274],[-110.2146296414349,37.84375406187112],[-110.21451599418262,37.84375330387363],[-110.21451981784047,37.84339281222756],[-110.21440617114554,37.84339205413022],[-110.21441286335057,37.84276119371269],[-110.21418557190925,37.842759677223256],[-110.21418652819803,37.84266955430574],[-110.21384559148282,37.84266727875654],[-110.21384654818212,37.84257715584497],[-110.21361925733649,37.84257563826879],[-110.21362021430807,37.8424855153607],[-110.21339292375603,37.8424839973508],[-110.21339388099986,37.84239387444621],[-110.21328023586852,37.84239311527923],[-110.21328119324633,37.8423029923757],[-110.21316754825752,37.842302233101506],[-110.21316850576933,37.842212110199014],[-110.21294121608102,37.84221059132658],[-110.21294217386509,37.84212046842758],[-110.21282852916562,37.84211970882934],[-110.21282948708367,37.8420295859314],[-110.2127158425267,37.842028826225956],[-110.21271775862654,37.84184858043074],[-110.21260411435037,37.84184782062055],[-110.21260507253214,37.841757697723295],[-110.21249142839851,37.8417569378059],[-110.21249334502573,37.84157669201207],[-110.21237970117289,37.841575931989944],[-110.21238161805954,37.84139568619542],[-110.21226797448749,37.84139492606853],[-110.21226989163355,37.84121468027328],[-110.21215624834228,37.84121392004165],[-110.21215816574777,37.84103367424571],[-110.21204452273727,37.84103291390934],[-110.21204739922818,37.84076254521224],[-110.21193375663672,37.84076178477358],[-110.21193855139403,37.84031117026264],[-110.21182490949809,37.840310409726605],[-110.21182586857498,37.84022028682264],[-110.21171222682158,37.840219526179425],[-110.21171318603241,37.84012940327652],[-110.21148590281493,37.84012788166605],[-110.211486862298,37.84003775876667],[-110.2111459379186,37.84003547553598],[-110.21114689781213,37.83994535264255],[-110.21091961519042,37.83994382994545],[-110.21092057535616,37.839853707055525],[-110.21080693418997,37.839852945544976],[-110.21080789448968,37.83976282265612],[-110.210694253466,37.83976206103838],[-110.21069521389968,37.83967193815057],[-110.21058157301853,37.83967117642564],[-110.21058253358618,37.83958105353887],[-110.21035525211323,37.83957952976501],[-110.21035621295307,37.83948940688177],[-110.21024257236127,37.83948864483283],[-110.21024353333506,37.839398521950656],[-110.21012989288579,37.83939775979454],[-110.21013085399353,37.83930763691339],[-110.21001721368678,37.839306874650084],[-110.21001913616591,37.83912662888853],[-110.20990549613994,37.83912586652051],[-110.20990645751131,37.839035743640075],[-110.20979281762786,37.83903498116488],[-110.20979474063422,37.83885473540474],[-110.20968110103153,37.838853972824815],[-110.20968206266653,37.838763849945096],[-110.20956842320636,37.838763087258],[-110.20956938497531,37.83867296437934],[-110.20934210634431,37.83867143868115],[-110.20934306838544,37.83858131580602],[-110.20911579004807,37.838579789674185],[-110.20911675236138,37.838489666802566],[-110.20900311333737,37.83848890357467],[-110.20900792553076,37.83803828920783],[-110.20912156386359,37.83803905242342],[-110.20912445071343,37.837768683779075],[-110.20923808863587,37.837769446877665],[-110.2092496339904,37.83668797214446],[-110.20913599772669,37.836687209075436],[-110.20913984659383,37.83632671746265],[-110.20902621088729,37.83632595429384],[-110.20902813557156,37.83614570848395],[-110.20891450014577,37.836144945210435],[-110.20891835001571,37.83578445358364],[-110.20880471514707,37.835783690210356],[-110.20880760291911,37.835513321482914],[-110.2086939684694,37.835512558007395],[-110.20869493118973,37.83542243509792],[-110.20858129688254,37.83542167151522],[-110.20858225973677,37.835331548606796],[-110.2084686255721,37.83533078491694],[-110.20847055154411,37.835150539100816],[-110.20835691766015,37.83514977530626],[-110.20835788077794,37.83505965239855],[-110.20824424703648,37.83505888849684],[-110.20824617353558,37.83487864268214],[-110.20813254007484,37.834877878675755],[-110.20813735693851,37.834427264126745],[-110.20825098970819,37.83442802812083],[-110.20825291614717,37.83424778228648],[-110.20836654864475,37.834248546166],[-110.20836751171959,37.83415842324426],[-110.20848114408324,37.83415918701169],[-110.20848306994364,37.83397894115907],[-110.20859670203518,37.83397970481196],[-110.20859766482073,37.83388958188107],[-110.20871129677835,37.83389034542187],[-110.20871225942142,37.83380022248712],[-110.20882589124513,37.83380098591585],[-110.20882685374569,37.833710862977235],[-110.20894048543549,37.833711626293876],[-110.20894144779356,37.83362150335139],[-110.20905507934945,37.833622266555956],[-110.20905700377631,37.83344202066185],[-110.20917063506009,37.83344278375187],[-110.20917159712889,37.833352660800244],[-110.20928522827874,37.833353423778185],[-110.2092881140448,37.83308305490752],[-110.20940174478434,37.83308381776846],[-110.20940366833055,37.83290357184274],[-110.20951729879799,37.83290433458914],[-110.20952210689745,37.83245371973799],[-110.209408477121,37.83245295700389],[-110.20941424752804,37.83191221915095],[-110.20930061858503,37.83191145632201],[-110.20930254229611,37.83173121036473],[-110.20918891363377,37.831730447431106],[-110.20918987562106,37.83164032445282],[-110.2090762471012,37.83163956141203],[-110.20908875434229,37.83046796259862],[-110.2089751276231,37.83046719948023],[-110.2089809007805,37.829926461501124],[-110.20886727489469,37.82992569828792],[-110.20887016183,37.82965532928681],[-110.20875653636301,37.82965456597139],[-110.20876231094685,37.829113827946045],[-110.20864868631318,37.8291130645358],[-110.20865253650263,37.82875257250068],[-110.20853891242592,37.82875180899068],[-110.20854565105938,37.82812094789246],[-110.20843202795415,37.82812018429012],[-110.2084339535157,37.82793993825433],[-110.2085475763446,37.82794070185176],[-110.2085572025132,37.827039471564056],[-110.20844358106591,37.82703870799129],[-110.20844454379731,37.82694858495726],[-110.20855816510647,37.82694934852758],[-110.2085600902801,37.826769102450385],[-110.20867371131722,37.826769865906186],[-110.20867852348546,37.82631925067635],[-110.2085649031391,37.82631848723287],[-110.20856586569803,37.82622836418514],[-110.20845224549412,37.82622760063454],[-110.2084532081869,37.826137477587885],[-110.20833958812544,37.826136713930154],[-110.20834151377444,37.825956467837564],[-110.20822789399357,37.82595570407517],[-110.20822885694977,37.825865581029234],[-110.20811523731135,37.82586481715972],[-110.20811620040142,37.82577469411485],[-110.20800258090541,37.82577393013821],[-110.20800643377534,37.82541343795453],[-110.20789281483624,37.825412673878176],[-110.20790726455864,37.824060828026376],[-110.20756641398347,37.82405853525074],[-110.20756737767834,37.82396841219013],[-110.2074537609667,37.823967647714895],[-110.20745472479541,37.82387752465534],[-110.20711387510062,37.82387523057954],[-110.20711483933944,37.82378510752599],[-110.20654675729143,37.823781281887086],[-110.20654772221664,37.823691158844476],[-110.20632048970381,37.823689627826795],[-110.20632145490099,37.82359950478771],[-110.20609422268164,37.823597973336646],[-110.20609518815077,37.82350785030112],[-110.2058679562249,37.82350631841668],[-110.20586699047952,37.82359644144728],[-110.20552614220861,37.82359414279138],[-110.2055271083684,37.82350401976821],[-110.20461818094064,37.82349788521747],[-110.20461721367579,37.82358800822084],[-110.20450359762857,37.82358724090642],[-110.20450456503157,37.82349711790552],[-110.2043909491268,37.823496350484],[-110.20439191666362,37.82340622748416],[-110.20427830090131,37.823405459955545],[-110.20428023623826,37.82322521395661],[-110.20416662075652,37.82322444632337],[-110.20416758855666,37.823134323324275],[-110.2039403578824,37.823132787734004],[-110.20394132595447,37.82304266473845],[-110.20371409557373,37.82304112871483],[-110.20371506391774,37.82295100572285],[-110.20189722370391,37.82293870179454],[-110.20189819425366,37.82284857884086],[-110.20167096458101,37.82284703888242],[-110.20167193540271,37.8227569159323],[-110.20144470602364,37.82275537554054],[-110.20144567711725,37.82266525259398],[-110.20121844803174,37.82266371176889],[-110.20121941939728,37.8225735888259],[-110.20110580499914,37.82257281825147],[-110.20110677649848,37.82248269530957],[-110.20099316224281,37.82248192462806],[-110.20099413387594,37.82239180168723],[-110.20088051976272,37.822391030898636],[-110.20088246329222,37.82221078501776],[-110.20076884945958,37.82221001412456],[-110.200770793248,37.822029768243034],[-110.20065717969595,37.82202899724525],[-110.20065912374328,37.821848751363085],[-110.2005455104718,37.82184798026069],[-110.20054745477803,37.821667734377904],[-110.20043384178713,37.82166696317091],[-110.20043578635227,37.821486717287485],[-110.20032217364192,37.8214859459759],[-110.20032314605612,37.82139582303457],[-110.20020953348825,37.821395051615916],[-110.20021147857985,37.82121480573401],[-110.20009786629252,37.82121403421076],[-110.20009883896994,37.82112391127019],[-110.19998522682508,37.821123139639866],[-110.19998717244313,37.82094289375949],[-110.19987356057884,37.820942122024576],[-110.19987550645577,37.82076187614358],[-110.19976189487204,37.82076110430407],[-110.1997628679421,37.82067098136396],[-110.19964925650083,37.82067020941738],[-110.19965898834405,37.819768979963925],[-110.1995453782882,37.8197682079327],[-110.19954635158679,37.81967808498212],[-110.19943274167339,37.81967731284383],[-110.19943371510573,37.81958718989435],[-110.19932010533476,37.819586417648964],[-110.19932107890087,37.819496294700556],[-110.19920746927235,37.81949552234811],[-110.19920941666774,37.819315276452095],[-110.1990958073198,37.819314503995066],[-110.199097754974,37.81913425809841],[-110.1989841459066,37.81913348553681],[-110.19898609381967,37.81895323963953],[-110.19887248503281,37.818952466973364],[-110.19887930355844,37.8183216063061],[-110.19876569574261,37.818320833547816],[-110.1987676441299,37.81814058763524],[-110.1986540365946,37.8181398147724],[-110.19865501091984,37.81804969181649],[-110.19854140352697,37.818048918846586],[-110.19854237798594,37.817958795891776],[-110.19842877073553,37.81795802281481],[-110.19842974532826,37.817867899861085],[-110.19831613822028,37.81786712667706],[-110.19831808766888,37.817686880770395],[-110.19809087401832,37.81768533408365],[-110.19809184901229,37.8175952111332],[-110.19797824233163,37.817594437627996],[-110.19797921745933,37.817504314678644],[-110.1978656109211,37.81750354106638],[-110.19786756143966,37.81732329516845],[-110.19775395518197,37.817322521451615],[-110.19775493057283,37.81723239850305],[-110.19764132445755,37.81723162467916],[-110.19764229998215,37.81714150173169],[-110.19752869400932,37.81714072780074],[-110.19752966966765,37.81705060485436],[-110.19741606383725,37.81704983081636],[-110.19741703962933,37.81695970787108],[-110.19730343394139,37.81695893372602],[-110.19730440986719,37.81686881078182],[-110.19719080432166,37.81686803652972],[-110.1971917803812,37.81677791358661],[-110.19673735879502,37.816774815492685],[-110.19673833540254,37.81668469255818],[-110.1961703092082,37.81668081748837],[-110.19617128650178,37.81659069456496],[-110.19560326110678,37.81658681676888],[-110.19560423908644,37.816496693856585],[-110.19526342431601,37.81649436587185],[-110.19526440270555,37.81640424296566],[-110.19492358838862,37.81640191400249],[-110.19492456718805,37.81631179110241],[-110.19424293950051,37.81630713023327],[-110.19424391912408,37.81621700734682],[-110.1939031057535,37.81621467544087],[-110.1939021257157,37.816304798319784],[-110.19344770739711,37.81630168756811],[-110.19344868798724,37.81621156469923],[-110.1933350835566,37.81621078673995],[-110.19333606428044,37.816120663872184],[-110.19322245999227,37.81611988580587],[-110.19322344084982,37.816029762939195],[-110.19310983670408,37.81602898476584],[-110.19311179868224,37.815848739033335],[-110.19299819481704,37.815847960755434],[-110.19299917593764,37.815757837889585],[-110.19288557221489,37.81575705950467],[-110.1928875347191,37.815576813773774],[-110.19277393127689,37.81557603528433],[-110.19277589403977,37.81539578955285],[-110.19266229087808,37.81539501095888],[-110.19266523540381,37.815124642358654],[-110.19255163266072,37.81512386366269],[-110.19255555918606,37.81476337218611],[-110.19266916137687,37.81476415087202],[-110.19267112433712,37.8145839051203],[-110.19278472625616,37.814584683691635],[-110.19278570759167,37.81449456081115],[-110.19289930937701,37.814495339270444],[-110.19290029057007,37.81440521638603],[-110.19301389222171,37.81440599473328],[-110.19301487327233,37.814315871844954],[-110.19312847479029,37.814316650080144],[-110.19312945569844,37.814226527187905],[-110.19335665847133,37.81422808332463],[-110.193357639099,37.81413796042597],[-110.19369844287691,37.81414029380197],[-110.193699423086,37.81405017089438],[-110.19381302421597,37.81405094846478],[-110.19381988459084,37.81342008805475],[-110.1937062844273,37.81341931050189],[-110.1937092249366,37.8131489417412],[-110.19359562519165,37.81314816408634],[-110.19359856607579,37.812877795320546],[-110.19348496674937,37.81287701756368],[-110.19348692759307,37.81269677171781],[-110.19360052664337,37.812697549469654],[-110.19360542798587,37.812246934817864],[-110.19371902635027,37.81224771244762],[-110.19372196668915,37.811977343632165],[-110.19383556464376,37.81197812114487],[-110.19383752457173,37.811797875255856],[-110.1939511222546,37.811798652654005],[-110.19395504150594,37.811438160849114],[-110.19406863864097,37.811438938127694],[-110.1940803943191,37.81035746254811],[-110.19419398980197,37.81035823968707],[-110.1941988871254,37.809907624790036],[-110.19431248192242,37.80990840180692],[-110.19431835773823,37.809367663869125],[-110.19420476376942,37.809366886867274],[-110.19420672261582,37.80918664088179],[-110.19409312892743,37.809185863775426],[-110.19409508803246,37.80900561778934],[-110.19398149462451,37.80900484057848],[-110.19398345398811,37.8088245945918],[-110.1938698608606,37.80882381727644],[-110.19387573967478,37.80828307929774],[-110.19376214737981,37.8082823018879],[-110.19376508714201,37.80801193288712],[-110.19365149526548,37.80801115537531],[-110.19365345536117,37.807830909372775],[-110.19353986376507,37.80783013175647],[-110.19354084394438,37.80774000875561],[-110.19342725249066,37.80773923103229],[-110.19342823280363,37.807649108032535],[-110.19331464149231,37.80764833020221],[-110.19331562193892,37.80755820720356],[-110.19320203077,37.807557429266225],[-110.19320399192615,37.80737718326975],[-110.19309040103765,37.80737640522793],[-110.19310511122175,37.806024560112974],[-110.19299152240788,37.80602378199931],[-110.19299544550954,37.80566328992535],[-110.19288185725208,37.805662511712214],[-110.1928838190527,37.805482265671834],[-110.19277023107561,37.80548148735423],[-110.19277317415778,37.80521111829065],[-110.19265958659908,37.80521033987107],[-110.19266645460375,37.8045794786912],[-110.19255286801547,37.80457870017969],[-110.19255581179443,37.80430833108908],[-110.19244222562452,37.80430755247561],[-110.1924530206619,37.803316199062905],[-110.19256660531386,37.803316977648734],[-110.19257053009879,37.8029564854465],[-110.1924569459988,37.802955706870726],[-110.192458908641,37.8027754607662],[-110.19234532482137,37.802774682085946],[-110.19234925060523,37.80241418987013],[-110.19246283387291,37.80241496854031],[-110.19247362789976,37.80142361480329],[-110.1923600461499,37.80142283616074],[-110.19236299029748,37.80115246693779],[-110.19224940896594,37.80115168819329],[-110.19225137198508,37.800971442042666],[-110.19213779093386,37.8009706631937],[-110.19213975421144,37.80079041704249],[-110.19202617344057,37.80078963808906],[-110.1920281369766,37.80060939193726],[-110.19191455648604,37.80060861287938],[-110.1919175021712,37.800338243648696],[-110.19203108224782,37.800339022699035],[-110.19203304574009,37.800158776533195],[-110.19214662554516,37.800159555469016],[-110.19214760714677,37.80006943238148],[-110.19226118681824,37.8000702112053],[-110.192265112629,37.79970971883105],[-110.1921515335094,37.799708940017275],[-110.19215251508912,37.79961881692271],[-110.19203893611189,37.79961803800197],[-110.19203991782518,37.79952791490852],[-110.19192633899029,37.799527135880815],[-110.1919283026797,37.799346889694725],[-110.19181472412511,37.79934611056255],[-110.19181668807296,37.79916586437588],[-110.19170310979868,37.79916508513928],[-110.19170409190401,37.79907496204634],[-110.19159051377207,37.79907418270275],[-110.19159149601097,37.79898405961094],[-110.19147791802136,37.79898328016039],[-110.19147988276198,37.79880303397758],[-110.19136630505268,37.79880225442258],[-110.19136728755439,37.79871213133159],[-110.19125370998742,37.79871135166963],[-110.1912546926227,37.79862122857975],[-110.19114111519809,37.79862044881082],[-110.19114406349152,37.7983500795403],[-110.19103048648518,37.798349299669454],[-110.19103343515306,37.798078930393835],[-110.19091985856495,37.79807815042105],[-110.19092280760728,37.79780778114037],[-110.19080923143743,37.79780700106566],[-110.19081119771964,37.79762675487654],[-110.1906976218301,37.7976259746974],[-110.1907005716344,37.797355605410765],[-110.19058699616309,37.79735482512968],[-110.19059977998592,37.796183224774296],[-110.19048620631231,37.796182444416495],[-110.19048817326441,37.796002198191964],[-110.19037459987109,37.796001417729734],[-110.19037656708156,37.795821171504606],[-110.19026299396849,37.79582039093794],[-110.19026397770507,37.795730267825796],[-110.19015040473435,37.795729487152194],[-110.19015237247027,37.79554924092872],[-110.19003879977978,37.79554846015068],[-110.19003978377911,37.79545833703936],[-110.18992621123097,37.79545755615438],[-110.18992719536384,37.79536743304417],[-110.18958647815954,37.79536508973998],[-110.18958746270185,37.79527496663594],[-110.18913317370934,37.795271840707905],[-110.18913415879899,37.79518171761256],[-110.18845272626962,37.79517702545166],[-110.1884537121825,37.79508690237003],[-110.18788585255189,37.795082989238274],[-110.18788683915004,37.79499286616789],[-110.18720540856606,37.79498816681259],[-110.18720639598746,37.79489804375597],[-110.18697925277053,37.794896476433536],[-110.18698024046338,37.79480635338057],[-110.18686666899947,37.79480556955768],[-110.18686765682585,37.79471544650582],[-110.18675408550426,37.79471466257601],[-110.18675507346418,37.79462453952529],[-110.18664150228494,37.79462375548854],[-110.18664249037839,37.79453363243895],[-110.18652891934148,37.79453284829527],[-110.18652990756844,37.794442725246796],[-110.18641633667389,37.79444194099618],[-110.18641732503438,37.79435181794884],[-110.18630375428215,37.794351033591305],[-110.18630474277617,37.79426091054509],[-110.18562331918291,37.79425620211631],[-110.1856223298613,37.794346325147316],[-110.18528161771042,37.79434396944759],[-110.1852806279706,37.7944340924696],[-110.18505348628287,37.79443252145073],[-110.18505249626278,37.794522644466284],[-110.18482535431683,37.79452107300448],[-110.18482436401648,37.79461119601354],[-110.18448365071687,37.794608837992264],[-110.1844826599983,37.794698960992314],[-110.18414194632463,37.794696601978266],[-110.18414095518784,37.794786724969285],[-110.18368666979977,37.79478357807457],[-110.18369063652736,37.79442308614266],[-110.18380420731602,37.794423873020385],[-110.18380519884894,37.794333750031356],[-110.18391876950409,37.794334536797074],[-110.18392075228081,37.79415429080973],[-110.18403432266452,37.7941550774609],[-110.18403630514769,37.79397483146286],[-110.18414987525996,37.7939756179995],[-110.18415086635699,37.79388549499583],[-110.18426443633575,37.793886281420455],[-110.18426641824071,37.793706035403865],[-110.18437998794803,37.79370682171396],[-110.18438593272934,37.793166083615176],[-110.18427236384956,37.79316529732029],[-110.18427434568385,37.79298505128121],[-110.18416077708434,37.79298426488196],[-110.18416176813278,37.792894141862845],[-110.18404819967562,37.79289335535668],[-110.18405018203507,37.792713109319315],[-110.18393661385815,37.792712322708766],[-110.18393859647577,37.792532076670874],[-110.18382502857912,37.792531289955946],[-110.18382701145491,37.792351043917506],[-110.1837134438385,37.7923502570982],[-110.1837174100887,37.791989765014634],[-110.18360384302838,37.79198897809604],[-110.18360780975952,37.79162848600016],[-110.18349424325527,37.791627698982275],[-110.18349821046732,37.79126720687409],[-110.18338464451914,37.79126641975691],[-110.18338762029548,37.79099605066866],[-110.18338861221208,37.790905927636416],[-110.18327504681996,37.79090514041995],[-110.18327603887005,37.790815017388866],[-110.18316247362026,37.79081423006549],[-110.18316346580383,37.79072410703554],[-110.18304990069636,37.79072331960526],[-110.18305089301342,37.79063319657644],[-110.18282376308757,37.79063162139263],[-110.182824755676,37.79054149836749],[-110.18271119085763,37.790540710613946],[-110.18271218357954,37.79045058758995],[-110.18237148956467,37.79044822368028],[-110.18237248269587,37.79035810066251],[-110.18203178913454,37.79035573577546],[-110.18203278267502,37.79026561276392],[-110.18146496085092,37.7902616691093],[-110.18146595507649,37.790171546109065],[-110.18067100567421,37.79016602041371],[-110.18067001048333,37.79025614339609],[-110.17987506033309,37.790250612320044],[-110.17987605648929,37.790160489355515],[-110.17964892819072,37.790158908068165],[-110.17964992461827,37.79006878510733],[-110.17942279661325,37.79006720338731],[-110.17942479000666,37.789886957471644],[-110.17931122628661,37.78988616645257],[-110.17931321993805,37.7897059205364],[-110.17919965649824,37.78970512941298],[-110.17920464123856,37.78925451461073],[-110.17909107849268,37.789253723390644],[-110.17909307263348,37.78907347746502],[-110.17897951016784,37.78907268614059],[-110.17898050736947,37.78898256317822],[-110.17909406969723,37.7889833545001],[-110.17909506675652,37.78889323153376],[-110.17898150456666,37.78889244021446],[-110.17898449613153,37.78862207131472],[-110.17887093435981,37.78862127989363],[-110.17887193167711,37.78853115692681],[-110.17853124680225,37.78852878201457],[-110.17853224452877,37.788438659053995],[-110.17819156010762,37.788436283164486],[-110.17819255824335,37.78834616021018],[-110.17796543559395,37.78834457574177],[-110.17796643400101,37.788254452791165],[-110.17785287282088,37.788253660395355],[-110.17785486989743,37.78807341449506],[-110.17774130899753,37.78807262199493],[-110.17774230766702,37.787982499045235],[-110.17762874690943,37.78798170643822],[-110.17762974571237,37.787891583489674],[-110.17751618509713,37.7878907907758],[-110.17751818296539,37.787710544879616],[-110.17740462263038,37.7877097520614],[-110.1774066207566,37.787529506164724],[-110.17706594060559,37.78752712706885],[-110.17706694007566,37.78743700412608],[-110.1767262603784,37.787434624052985],[-110.17672526049468,37.78752474698807],[-110.17627102040917,37.78752157201493],[-110.17627001996945,37.78761169493836],[-110.17615645982136,37.78761090091893],[-110.17615545923928,37.787701023838395],[-110.17592833868069,37.787699435466095],[-110.1759273378184,37.78778955837903],[-110.17581377740791,37.78778876402616],[-110.17581277640326,37.787878886935125],[-110.17569921585934,37.78787809247025],[-110.17569821471236,37.78796821537526],[-110.17535753269372,37.78796583131634],[-110.17535653112861,37.78805595421224],[-110.1743344840729,37.78804879610282],[-110.17433548687899,37.78795867323003],[-110.17399480502118,37.7879562852314],[-110.17399580823646,37.78786616236493],[-110.17388224776401,37.787865366149084],[-110.1738832511127,37.787775243283754],[-110.17376969078262,37.787774446961045],[-110.17377069426472,37.78768432409689],[-110.17365713407699,37.78768352766732],[-110.1736581376925,37.787593404804326],[-110.17354457764714,37.787592608267886],[-110.17354658514049,37.78741236254284],[-110.17343302537536,37.787411565902104],[-110.1734350331266,37.78723132017659],[-110.17332147364169,37.78723052343156],[-110.17332247764848,37.78714040056926],[-110.17320891830595,37.787139603717385],[-110.17320992244613,37.787049480856254],[-110.17309636324596,37.7870486838975],[-110.17309736751955,37.78695856103754],[-110.17298380846172,37.78695776397194],[-110.17298481286872,37.78686764111314],[-110.17287125395326,37.78686684394068],[-110.17287326302956,37.78668659822402],[-110.17275970439432,37.78668580094727],[-110.17276070906364,37.78659567808941],[-110.17264715057075,37.786594880705806],[-110.17264815537347,37.78650475784911],[-110.17253459702295,37.78650396035865],[-110.17253560195904,37.786413837503126],[-110.17242204375088,37.78641303990581],[-110.17242304882039,37.78632291705145],[-110.17230949075457,37.78632211934728],[-110.17231049595748,37.786231996494095],[-110.172196938034,37.78623119868307],[-110.17219794337029,37.78614107583105],[-110.17208438558919,37.78614027791318],[-110.17208639652408,37.785960032210085],[-110.1719728390232,37.78595923418792],[-110.17197585580551,37.785688865630476],[-110.17186229872273,37.78568806750662],[-110.17186531587832,37.78541769894425],[-110.17175175921362,37.7854169007187],[-110.171753770904,37.785236655008575],[-110.17164021451953,37.78523585667875],[-110.17164323243506,37.78496548811078],[-110.17152967646867,37.78496468967925],[-110.17153269475745,37.784694321106365],[-110.17141913920914,37.78469352257316],[-110.17142014543428,37.7846033997153],[-110.17130659002831,37.784602601075235],[-110.17130860274088,37.784422355360455],[-110.17119504761514,37.784421556616124],[-110.17119605410255,37.78433143375921],[-110.17108249911915,37.784330634908045],[-110.17108451235624,37.78415038919515],[-110.17097095765304,37.784149590239714],[-110.17097397788861,37.78387922166757],[-110.17086042360347,37.783878422610464],[-110.17086243734711,37.78369817689383],[-110.17074888334218,37.78369737773246],[-110.17075291132704,37.78333688629266],[-110.17063935787802,37.783336087032175],[-110.1706423792331,37.783065718445314],[-110.17052882620213,37.783064919083166],[-110.1705278189504,37.78315504194428],[-110.17030071262622,37.78315344288658],[-110.1702997050943,37.78324356574112],[-110.17018615180109,37.78324276604555],[-110.17018514412682,37.78333288889611],[-110.17007159070026,37.78333208908855],[-110.17007058288364,37.78342221193513],[-110.16984347576826,37.783420611986585],[-110.16984246767146,37.783510734826585],[-110.16972891398267,37.783509934685604],[-110.1697279057435,37.78360005752162],[-110.16961435192134,37.78359925726865],[-110.16961334353982,37.78368938010067],[-110.16938623563328,37.78368777926127],[-110.16938522697156,37.78377790208673],[-110.16927167288718,37.78377710150032],[-110.1692706640831,37.783867224321796],[-110.16893000144336,37.7838648218983],[-110.16892899222121,37.7839549447106],[-110.1688154378791,37.783954143681356],[-110.16881442851461,37.784044266489666],[-110.16858731956816,37.78404266409772],[-110.16858630992346,37.78413278689945],[-110.16847275531913,37.78413198553676],[-110.16847073574047,37.78431223113085],[-110.16835718086493,37.78431142965357],[-110.16835617093099,37.784401552445914],[-110.16824261592208,37.78440075085662],[-110.1682416058458,37.78449087364498],[-110.16790094043252,37.7844884682128],[-110.16789992993813,37.78457859099199],[-110.16767281940939,37.784576986818244],[-110.16767079785566,37.78475723236205],[-110.16755724232233,37.78475643010586],[-110.16755522047485,37.78493667563886],[-110.16744166467029,37.784935873268076],[-110.16743964252906,37.78511611879028],[-110.16732608645329,37.78511531630489],[-110.16732507523803,37.7852054390613],[-110.16653018186881,37.78519981858153],[-110.16653119404911,37.785109695843275],[-110.16619052594358,37.78510728543264],[-110.16619153853296,37.785017162700754],[-110.16596442676088,37.7850155552184],[-110.1659654396215,37.78492543249028],[-110.165511216683,37.78492221622288],[-110.16551223009054,37.78483209350376],[-110.16483089664553,37.7848272658355],[-110.16482988241079,37.78491738853904],[-110.16471632671457,37.784916583542085],[-110.16471531233746,37.78500670624163],[-110.1646017565079,37.78500590113265],[-110.16460074198841,37.78509602382819],[-110.1644871860255,37.78509521860718],[-110.1644861713636,37.785185341298714],[-110.16437261526738,37.78518453596569],[-110.1643716004631,37.785274658653215],[-110.16312248218661,37.785265792739324],[-110.16312349850739,37.78517567008041],[-110.16300994246548,37.7851748634343],[-110.16301095891961,37.7850847407766],[-110.1628974030201,37.785083934023646],[-110.16289841960756,37.78499381136714],[-110.16255775234977,37.7849913904596],[-110.1625587693463,37.78490126780949],[-110.16210454695084,37.784898038411264],[-110.16210556449428,37.78480791577019],[-110.16165134272285,37.78480468463162],[-110.16165236081322,37.78471456199956],[-110.16131169494588,37.78471213750451],[-110.16131271344527,37.78462201487888],[-110.16097204803239,37.784619589406866],[-110.16097306694084,37.78452946678765],[-110.16017818210143,37.78452380354146],[-110.16017716222797,37.7846139261424],[-110.1597229418683,37.784610687583985],[-110.15972396229321,37.784520564993514],[-110.15949685241638,37.784518945063006],[-110.15949787311247,37.78442882247635],[-110.15904365396487,37.78442558131274],[-110.15904467520784,37.78433545873514],[-110.15870401130852,37.78433302672136],[-110.15870503296053,37.78424290415022],[-110.15847792399279,37.78424128226583],[-110.15847894591595,37.7841511596985],[-110.15813828291209,37.78414872605913],[-110.15813930524428,37.78405860349825],[-110.15768508852103,37.784055357124345],[-110.15768611140008,37.78396523457255],[-110.15734544931908,37.78396279865109],[-110.15734647260714,37.78387267610574],[-110.15689225711445,37.78386942668908],[-110.15689328094936,37.78377930415282],[-110.15655261979131,37.783776865949285],[-110.15655364403523,37.783686743419494],[-110.15621298333184,37.783684304239074],[-110.15621400798476,37.783594181715756],[-110.1550784739823,37.78358604402846],[-110.15507744795084,37.78367616652552],[-110.1548503409295,37.78367453766979],[-110.15485136723666,37.78358441517799],[-110.1541700471096,37.783579526000565],[-110.15417107423931,37.78348940352314],[-110.15348975510418,37.78348451042249],[-110.15349078305641,37.78339438795945],[-110.15315012396427,37.783391939939904],[-110.15315115232548,37.78330181748337],[-110.15292404656265,37.783300184928514],[-110.15292507519499,37.78321006247584],[-110.1526979697262,37.7832084294886],[-110.15269899862966,37.78311830703979],[-110.15258544603999,37.78311749038467],[-110.1525864750767,37.78302736793711],[-110.15247292262949,37.78302655117521],[-110.15247498096484,37.7828463062811],[-110.15236142879789,37.782845489415074],[-110.15236554596493,37.78248499962054],[-110.15225199435397,37.78248418265566],[-110.1522530237721,37.78239406020615],[-110.15213947230359,37.78239324313447],[-110.15214050185497,37.782303120686194],[-110.15202695052886,37.78230230350775],[-110.15202798021352,37.7822121810607],[-110.15191442902986,37.78221136377548],[-110.15191545884775,37.782121241329676],[-110.1516883567699,37.78211960643628],[-110.15168938685889,37.78202948399433],[-110.15157583596469,37.78202866638616],[-110.15157686618693,37.78193854394545],[-110.15134976468798,37.781936908406145],[-110.15135079518133,37.781846785969314],[-110.15112369397644,37.78184514999765],[-110.15112472474085,37.781755027564685],[-110.15101117428314,37.78175420941738],[-110.1510132360739,37.78157396455253],[-110.15089968589645,37.78157314630109],[-110.15090071692276,37.7814830238692],[-110.15078716688778,37.781482205511],[-110.15078819804734,37.78139208308033],[-110.15067464815476,37.781391264615365],[-110.15067567944756,37.78130114218594],[-110.15056212969742,37.781300323614204],[-110.1505641925449,37.781120078756416],[-110.15045064307505,37.78111926008055],[-110.15045167462972,37.781029137652204],[-110.1503381253023,37.78102831886958],[-110.15033915699021,37.78093819644246],[-110.15022560780523,37.78093737755308],[-110.15022767144293,37.780757132699904],[-110.1501141225382,37.780756313706405],[-110.15011618643317,37.78057606885288],[-110.15000263780871,37.780575249755266],[-110.15000470196095,37.78039500490143],[-110.14989115361675,37.78039418569969],[-110.14989321802625,37.780213940845506],[-110.14977966996231,37.780213121539646],[-110.14978276695552,37.779942754255764],[-110.14966921930969,37.77994193484845],[-110.14967541399884,37.77940120025859],[-110.14956186718456,37.779400380757735],[-110.14956702998808,37.77894976857409],[-110.14945348386749,37.77894894897706],[-110.14945658190784,37.77867858165795],[-110.14934303620532,37.778677761959464],[-110.14934406901405,37.77858763951958],[-110.14923052345397,37.77858681971434],[-110.14923258933324,37.77840657483567],[-110.14911904405339,37.77840575492633],[-110.14912007712395,37.77831563248754],[-110.14900653198652,37.77831481247145],[-110.14900756519027,37.77822469003389],[-110.14889402019527,37.77822386991105],[-110.14889505353223,37.77813374747474],[-110.14878150867965,37.77813292724515],[-110.14878254214983,37.77804280481008],[-110.14866899743967,37.778041984473745],[-110.14867003104305,37.777951862039906],[-110.14832939735366,37.77794940038248],[-110.14833043136589,37.777859277955194],[-110.14651372126175,37.777846132530065],[-110.14651475747438,37.777756010143804],[-110.14628766907008,37.777754365001876],[-110.1462887055537,37.77766424261951],[-110.14617516149629,37.77766341988711],[-110.1461761981131,37.777573297506],[-110.14606265419813,37.777572474666876],[-110.14606369094814,37.77748235228702],[-110.14595014717558,37.777481529341145],[-110.14595118405879,37.77739140696253],[-110.14583764042868,37.77739058390993],[-110.14583867744506,37.77730046153256],[-110.14572513395737,37.77729963837322],[-110.1457282453922,37.77702927124067],[-110.14561470232259,37.77702844797992],[-110.14561781412922,37.77675808084269],[-110.14550427147763,37.77675725748051],[-110.14551049579293,37.77621652318405],[-110.14539695397278,37.77621569972843],[-110.14539902898315,37.77603545495701],[-110.14528548744323,37.77603463139732],[-110.14528652507929,37.775944509012156],[-110.1451729836818,37.77594368534574],[-110.14517402145101,37.77585356296183],[-110.14506048019595,37.77585273918868],[-110.14506151809834,37.775762616806034],[-110.1449479769857,37.775761792926154],[-110.14494901502127,37.77567167054476],[-110.14483547405105,37.775670846558164],[-110.1448365122198,37.775580724178006],[-110.14472297139201,37.77557990008468],[-110.14472400969392,37.7754897777058],[-110.14461046900855,37.77548895350575],[-110.14461150744363,37.775398831128115],[-110.14449796690069,37.77539800682134],[-110.14450523678119,37.7747671501571],[-110.14439169720744,37.77476632575958],[-110.14439273588107,37.77467620337601],[-110.14427919644973,37.77467537887177],[-110.14428023525652,37.77458525648946],[-110.1441666959676,37.774584431878495],[-110.14416773490755,37.77449430949743],[-110.14405419576107,37.77449348477975],[-110.14405523483418,37.774403362399944],[-110.14394169583012,37.77440253757555],[-110.14394273503639,37.77431241519701],[-110.14382919617474,37.77431159026588],[-110.14383023551416,37.774221467888594],[-110.14371669679494,37.77422064285076],[-110.1437177362675,37.774130520474735],[-110.1436041976907,37.774129695330174],[-110.14360523729644,37.77403957295541],[-110.14349169886205,37.77403874770414],[-110.14349065911853,37.77412887007625],[-110.143377120551,37.77412804471294],[-110.14337816043229,37.77403792234349],[-110.1431510835867,37.77403627129406],[-110.14315212373894,37.77394614892854],[-110.14303858546089,37.77394532324242],[-110.14303962574628,37.77385520087816],[-110.14292608761065,37.773854375085335],[-110.14292712802919,37.77376425272234],[-110.14270005204739,37.77376260081387],[-110.14270109273687,37.77367247845479],[-110.14258755489072,37.77367165233916],[-110.14258859571333,37.77358152998134],[-110.14236152031052,37.77357987742728],[-110.14236256140407,37.7734897550734],[-110.1422490238474,37.77348892863497],[-110.14225006507408,37.773398806282344],[-110.14202299025024,37.773397153082705],[-110.14202403174785,37.77330703073401],[-110.14191049448068,37.773306203972794],[-110.14191153611142,37.77321608162536],[-110.14179799898668,37.773215254757446],[-110.1418000825098,37.77303501006369],[-110.14168654566525,37.773034183091724],[-110.14168862944537,37.772853938397695],[-110.14157509288103,37.7728531113217],[-110.1415761349019,37.77276298897525],[-110.14146259847998,37.77276216179255],[-110.14146364063397,37.77267203944735],[-110.14135010435447,37.77267121215795],[-110.14135218892409,37.7724909674687],[-110.14123865292478,37.772490140075256],[-110.1412396953404,37.77240001773119],[-110.14112615948352,37.772399190231056],[-110.14112824457636,37.77221894554404],[-110.14101470899968,37.77221811793988],[-110.14101783701742,37.77194775090683],[-110.1409043018587,37.771946923201305],[-110.14090638745614,37.771766678510915],[-110.14079285257762,37.77176585070137],[-110.14080328166371,37.77086462719178],[-110.14091681516456,37.770865454974604],[-110.14091994338644,37.77059508788627],[-110.14080641029888,37.770594260111466],[-110.14080745316797,37.77050413774856],[-110.14092098611776,37.770504965520686],[-110.14092828510697,37.76987410892221],[-110.14104181709708,37.769874936566275],[-110.14104911489424,37.76924407988018],[-110.14093558386841,37.76924325225482],[-110.14093871183934,37.76897288509055],[-110.14082518123142,37.76897205736385],[-110.14082935234524,37.76861156780249],[-110.14071582229296,37.76861073997712],[-110.14071790809747,37.76843049519335],[-110.14060437832534,37.768429667263966],[-110.14061167945896,37.76779881049519],[-110.1404981506557,37.76779798247516],[-110.14050128005645,37.767527615275455],[-110.14038775167107,37.76752678715409],[-110.14038983819049,37.767346542352605],[-110.14027631008523,37.76734571412724],[-110.14027839686152,37.767165469325484],[-110.1401648690364,37.76716464099611],[-110.1401659125553,37.76707451859579],[-110.14005238487258,37.76707369015975],[-110.14005342852457,37.7669835677607],[-110.13993990098423,37.76698273921797],[-110.13994094476931,37.76689261682019],[-110.13982741737136,37.766891788170796],[-110.13982846128953,37.76680166577428],[-110.13971493403396,37.7668008370182],[-110.1397159780852,37.76671071462297],[-110.13948892386352,37.76670905678811],[-110.1394899681856,37.76661893439682],[-110.139262914258,37.766617276129914],[-110.13926395885089,37.76652715374256],[-110.13915043203181,37.76652632444776],[-110.13915147675776,37.76643620206169],[-110.13903795008108,37.76643537266022],[-110.13903899494012,37.76634525027543],[-110.13892546840582,37.76634442076729],[-110.13892651339793,37.76625429838374],[-110.13881298700603,37.76625346876893],[-110.13881403213121,37.766163346386676],[-110.1387005058817,37.7661625166652],[-110.13870155113996,37.76607239428421],[-110.13858802503285,37.76607156445606],[-110.13858907042417,37.76598144207634],[-110.13847554445944,37.76598061214153],[-110.13847658998385,37.765890489763095],[-110.13836306416151,37.76588965972161],[-110.1383651554718,37.76570941496586],[-110.13825162992958,37.76570858482039],[-110.13825476727324,37.76543821768427],[-110.13814124214886,37.765437387437494],[-110.13814542575939,37.76507689791368],[-110.13803190119059,37.76507606756828],[-110.1380329472193,37.764985945186496],[-110.13791942279288,37.764985114734436],[-110.13792046895463,37.76489499235394],[-110.13746637184649,37.76489166946301],[-110.13746741855448,37.76480154709181],[-110.13678627385856,37.76479655949124],[-110.13678732138821,37.76470643713476],[-110.1366737974263,37.76470560548798],[-110.13667484508902,37.764615483132765],[-110.13656132126948,37.76461465137934],[-110.13656236906525,37.764524529025394],[-110.1364488453881,37.7645236971653],[-110.13644989331692,37.76443357481265],[-110.13599579920594,37.76443024628965],[-110.13599684768097,37.764340123946326],[-110.13576980092897,37.764338459034164],[-110.13577084967476,37.7642483366948],[-110.13554380321689,37.76424667135065],[-110.13554485223344,37.76415654901527],[-110.13543132914924,37.764155716181875],[-110.13543237829883,37.76406559384778],[-110.13531885535701,37.76406476090773],[-110.13531990463966,37.7639746385749],[-110.1350928590455,37.76397297237217],[-110.13509600769164,37.763702605381425],[-110.13498248531474,37.76370177212412],[-110.134989832956,37.76307091578196],[-110.13487631154774,37.76307008243415],[-110.13487841110714,37.76288983775768],[-110.134764889979,37.762889004305926],[-110.13476698979508,37.76270875962921],[-110.13465346894704,37.762707926073496],[-110.13465451898577,37.76261780373572],[-110.13442747757914,37.76261613630168],[-110.13442852788859,37.76252601396788],[-110.13420148677609,37.76252434610189],[-110.1342025373563,37.76243422377206],[-110.13397549653794,37.76243255547413],[-110.13397654738887,37.762342433148284],[-110.13363598660959,37.76233992988946],[-110.13363703786895,37.76224980757029],[-110.13318295744632,37.762246468371984],[-110.13318400925182,37.7621563460622],[-110.13272992945502,37.76215300512537],[-110.13273098180665,37.76206288282497],[-110.1325039422118,37.762061211705955],[-110.13250499483414,37.76197108940954],[-110.13239147518145,37.76197025368874],[-110.1323925279368,37.761880131393596],[-110.13227900842651,37.761879295566175],[-110.13228006131486,37.761789173272334],[-110.13216654194697,37.76178833733826],[-110.13216864798501,37.76160809275177],[-110.1320551288972,37.761607256713766],[-110.1320561820469,37.76151713442111],[-110.13194266310148,37.76151629827648],[-110.13194371638416,37.76142617598512],[-110.13183019758115,37.76142533973387],[-110.13183125099684,37.761335217443786],[-110.13171773233623,37.76133438108591],[-110.13171878588491,37.76124425879712],[-110.1316052673667,37.76124342233261],[-110.13160632104838,37.76115330004513],[-110.13149280267255,37.76115246347399],[-110.13149385648725,37.7610623411878],[-110.13126682002508,37.76106066772295],[-110.13126787411046,37.76097054544074],[-110.13115435602411,37.76096970854703],[-110.1311554102425,37.76087958626613],[-110.13104189229855,37.76087874926578],[-110.13104294664993,37.760788626986184],[-110.13092942884839,37.76078778987922],[-110.13093153781243,37.760607545321186],[-110.13081802029097,37.76060670811031],[-110.13082118411486,37.76033634127082],[-110.13070766701118,37.76033550395872],[-110.130709776479,37.76015525939744],[-110.13059625965539,37.76015442198144],[-110.13059836937978,37.759974177419934],[-110.13048485283626,37.75997333989999],[-110.13048696281722,37.75979309533828],[-110.13037344655376,37.75979225771442],[-110.13037450167488,37.75970213543417],[-110.13026098555383,37.75970129770371],[-110.13026309605732,37.75952105314436],[-110.13014958021634,37.75952021530998],[-110.13015063559871,37.75943009303091],[-110.13003711990012,37.75942925508992],[-110.13003923092613,37.75924901053296],[-110.12992571550762,37.75924817248806],[-110.12992677115125,37.759158050210175],[-110.12924567956509,37.75915301966133],[-110.12924673603011,37.75906289739827],[-110.12913322091991,37.75906205859355],[-110.12913216431721,37.759152180853896],[-110.12890513383557,37.75915050291108],[-110.12890407695278,37.7592406251646],[-110.12879056158135,37.759239786026505],[-110.12878950455618,37.75932990827591],[-110.12867598905177,37.759329069025796],[-110.12867493188419,37.75941919127108],[-110.12856141624681,37.75941835190893],[-110.12856035893684,37.759508474150095],[-110.12844684316649,37.75950763467591],[-110.12844578571412,37.75959775691297],[-110.12821875391218,37.75959607763121],[-110.12821769617972,37.75968619986144],[-110.12674198813708,37.759675273835995],[-110.12674304765946,37.75958515164105],[-110.12662953182691,37.75958431041502],[-110.12663059148225,37.75949418822138],[-110.1265170757921,37.759493346888746],[-110.12651919536398,37.75931310250269],[-110.12640567995392,37.75931226106617],[-110.12640673987046,37.759222138873746],[-110.12595267882823,37.75921877204534],[-110.12595373929078,37.759128649862376],[-110.12572670907339,37.7591269657977],[-110.12572776980656,37.75903684361876],[-110.12561425484265,37.75903600142516],[-110.12561531570877,37.758945879247534],[-110.12550180088728,37.75894503694734],[-110.12550286188636,37.75885491477104],[-110.12527583253288,37.758853229848135],[-110.12527795506759,37.75867298550217],[-110.12516444067332,37.75867214288218],[-110.12516656346445,37.75849189853603],[-110.12505304935026,37.758491055812165],[-110.12505517239784,37.75831081146583],[-110.12494165856373,37.758309968638095],[-110.1249427202181,37.75821984646554],[-110.1248292065264,37.75821900353121],[-110.12483133009628,37.758038759187315],[-110.12471781668467,37.75803791614911],[-110.12471887860019,37.75794779397778],[-110.12460536533099,37.75794695083298],[-110.12460748942317,37.75776670649154],[-110.12449397643405,37.75776586324286],[-110.12449503861072,37.75767574107275],[-110.124381525764,37.7576748977175],[-110.12438258807362,37.75758477554871],[-110.12426907536928,37.75758393208686],[-110.12427013781183,37.75749380991938],[-110.12415662524992,37.75749296635095],[-110.12415768782542,37.75740284418479],[-110.1240441754059,37.75740200050976],[-110.12404523811432,37.757311878344915],[-110.12393172583722,37.75731103456331],[-110.12393278867857,37.75722091239978],[-110.12370576441394,37.757219224514074],[-110.12370682752588,37.757129102354575],[-110.12359331553834,37.75712825825048],[-110.12359437878322,37.75703813609231],[-110.1233673550977,37.75703644756165],[-110.12336841861317,37.75694632540752],[-110.12302788353344,37.75694379179987],[-110.12302894745716,37.756853669652514],[-110.12280192436972,37.756851980039656],[-110.12280298856405,37.75676185789634],[-110.12257596577089,37.756760167851695],[-110.1225770302358,37.756670045712454],[-110.12246351898402,37.75666920052889],[-110.12246458358186,37.75657907839096],[-110.12223756136785,37.75657738770137],[-110.12223862623625,37.75648726556749],[-110.12212511527405,37.75648642006147],[-110.12212618027537,37.75639629792891],[-110.12201266945557,37.75639545231631],[-110.1220137345898,37.75630533018507],[-110.12178671323976,37.7563036386374],[-110.12178777864457,37.75621351651023],[-110.12167426811433,37.75621267057515],[-110.12167533365208,37.75612254844931],[-110.12156182326424,37.756121702407654],[-110.12156288893489,37.756031580283135],[-110.12144937868948,37.75603073413492],[-110.12145044449304,37.75594061201171],[-110.12133693439003,37.75593976575692],[-110.12133906625822,37.755759521511756],[-110.12122555643529,37.755758675153125],[-110.12122662249992,37.75566855303116],[-110.12111311281939,37.755667706565966],[-110.12111417901691,37.75557758444532],[-110.1210006694788,37.755576737873554],[-110.12100173580923,37.75548661575425],[-110.12088822641353,37.755485769075904],[-110.12088929287687,37.75539564695791],[-110.12077578362357,37.755394800173],[-110.12077685021981,37.75530467805634],[-110.12066334110892,37.75530383116485],[-110.12066440783808,37.75521370904953],[-110.1205508988696,37.75521286205148],[-110.12055303258893,37.75503261782206],[-110.12043952390053,37.75503177072017],[-110.12044272485683,37.7547614043737],[-110.12032921658613,37.75476055717072],[-110.1203334850119,37.754400068699994],[-110.12021997729656,37.754399221398664],[-110.12022317897888,37.75412885503905],[-110.12010967168125,37.75412800763661],[-110.12011073903683,37.754037885516674],[-110.1199972318816,37.75403703800768],[-110.11999829937005,37.75394691588906],[-110.11988479235723,37.75394606827351],[-110.1198858599786,37.7538559461562],[-110.11977235310816,37.75385509843409],[-110.1197734208624,37.75376497631813],[-110.11965991413439,37.75376412848946],[-110.11966098202151,37.75367400637482],[-110.1195474754359,37.75367315843959],[-110.1195485434559,37.75358303632628],[-110.11932153057424,37.75358134013341],[-110.11932259886478,37.75349121802418],[-110.11898207999093,37.75348867292335],[-110.11898101128746,37.75357879502435],[-110.11875399845341,37.7535770977385],[-110.11875506743218,37.75348697564298],[-110.11557689361297,37.75346316781348],[-110.11557582078021,37.75355328983213],[-110.11546231450399,37.75355243796497],[-110.11546338747439,37.753462315949065],[-110.1152363752116,37.75346061189234],[-110.1152374484525,37.75337048988053],[-110.11501043648411,37.753368785392134],[-110.11501150999553,37.753278663384414],[-110.11489800415615,37.75327781097902],[-110.11489907780042,37.75318768897265],[-110.11478557210347,37.753186836460706],[-110.11478771965291,37.753006592449246],[-110.11467421423603,37.75300573983352],[-110.1146763620416,37.75282549582193],[-110.1145628569048,37.75282464310243],[-110.11456393093803,37.75273452109727],[-110.11445042594364,37.75273366827122],[-110.11445150010974,37.75264354626741],[-110.11433799525778,37.75264269333482],[-110.11433906955672,37.752552571332366],[-110.11422556484719,37.75255171829323],[-110.11422663927897,37.75246159629212],[-110.11411313471186,37.75246074314646],[-110.11411528383634,37.75228049914551],[-110.11400177954928,37.75227964589607],[-110.11400285424199,37.75218952389625],[-110.11388935009735,37.75218867054027],[-110.11389042492289,37.75209854854178],[-110.11377692092067,37.752097695079264],[-110.11377799587906,37.75200757308213],[-110.11366449201925,37.75200671951309],[-110.11366556711049,37.751916597517294],[-110.11355206339312,37.75191574384173],[-110.11355313861718,37.751825621847274],[-110.11343963504224,37.75182476806516],[-110.11344071039913,37.75173464607208],[-110.11332720696663,37.75173379218343],[-110.11332828245637,37.751643670191704],[-110.11321477916626,37.75164281619652],[-110.11321585478883,37.751552694206126],[-110.11298884849829,37.75155098589342],[-110.11298992439131,37.75146086390714],[-110.11287642139087,37.75146000958962],[-110.11287749741675,37.751369887604696],[-110.11276399455872,37.75136903318064],[-110.1127650707174,37.751278911197055],[-110.11265156800181,37.75127805666647],[-110.11265264429335,37.751187934684246],[-110.11253914172016,37.75118708004714],[-110.11254021814452,37.75109695806626],[-110.1123132132878,37.7510952484697],[-110.11231428998262,37.75100512649295],[-110.11220078769908,37.7510042715335],[-110.11220186452671,37.75091414955808],[-110.11208836238562,37.750913294492115],[-110.11209051630173,37.750733050542586],[-110.11197701444067,37.75073219537286],[-110.11197809152917,37.75064207339874],[-110.11186458981052,37.75064121812249],[-110.11186674424835,37.75046097417557],[-110.11175324280974,37.750460118795544],[-110.1117553975036,37.75027987484851],[-110.11164189634506,37.75027901936473],[-110.11164405129493,37.75009877541759],[-110.11153055041643,37.75009791983005],[-110.11153270562235,37.74991767588283],[-110.11141920502388,37.74991682019153],[-110.11142243820959,37.749646454268394],[-110.11130893802877,37.74964559847611],[-110.11131109373711,37.74946535452584],[-110.11119759383634,37.7494644986298],[-110.11119974980069,37.74928425467944],[-110.11108625017994,37.749283398679644],[-110.11108840640031,37.749103154729156],[-110.1109749070596,37.74910229862563],[-110.11097706353596,37.748922054675035],[-110.11086356447527,37.748921198467755],[-110.11086572120763,37.74874095451708],[-110.11075222242697,37.748740098206056],[-110.11075437941533,37.74855985425526],[-110.1106408809147,37.74855899784048],[-110.11064195953928,37.74846887586574],[-110.11052846118105,37.74846801934446],[-110.11053061869099,37.74828777539628],[-110.1104171206128,37.74828691877125],[-110.11041927837871,37.74810667482298],[-110.11030578058055,37.7481058180942],[-110.11030793860245,37.747925574145846],[-110.11019444108429,37.74792471731333],[-110.11019659936215,37.747744473364854],[-110.11008310212401,37.7477436164286],[-110.11008418139333,37.74765349445502],[-110.10997068429761,37.747652637412266],[-110.10997284309703,37.74747239346642],[-110.1098593462813,37.747471536319914],[-110.10986042581139,37.74738141434766],[-110.10974692913808,37.74738055709465],[-110.10974908845903,37.74720031315144],[-110.10963559206574,37.7471994557947],[-110.1096366718566,37.74710933382375],[-110.10952317560572,37.7471084763605],[-110.1095253354482,37.746928232419904],[-110.10941183947732,37.74692737485294],[-110.10941291952894,37.7468372528833],[-110.10929942370045,37.74683639520983],[-110.10930050388485,37.74674627324156],[-110.1091870081988,37.74674541546159],[-110.10918916882832,37.74656517152634],[-110.10907567342228,37.746564313642644],[-110.10907675386743,37.746474191675695],[-110.10896325860378,37.7464733336855],[-110.1089643391817,37.746383211719895],[-110.10885084406047,37.7463823536232],[-110.10885300547704,37.74620210969333],[-110.10873951063581,37.74620125149291],[-110.10874059147447,37.74611112952863],[-110.10862709677565,37.74611027122171],[-110.10862817774708,37.7460201492588],[-110.10851468319066,37.74601929084538],[-110.10851576429486,37.74592916888384],[-110.10840226988087,37.74592831036394],[-110.10840335111783,37.745838188403745],[-110.10817636257947,37.74583647104169],[-110.1081774440868,37.745746349085636],[-110.10806394996243,37.745745490243486],[-110.10806503160254,37.74565536828881],[-110.10795153762058,37.745654509340156],[-110.10795261939344,37.745564387386835],[-110.1078391255539,37.74556352833171],[-110.10784020745953,37.74547340637976],[-110.10761322007008,37.74547168794724],[-110.10761430224606,37.74538156599943],[-110.10750080869616,37.74538070662204],[-110.1075018910049,37.74529058467561],[-110.1073883975974,37.74528972519175],[-110.1073905624756,37.74510948130017],[-110.1072770693481,37.7451086217126],[-110.10727815191755,37.74501849976748],[-110.10716465893245,37.74501764007342],[-110.10716682433203,37.744837396184515],[-110.10705333162693,37.74483653638674],[-110.10705441445707,37.74474641444296],[-110.10694092189436,37.7447455545387],[-110.10694200485726,37.744655432596275],[-110.10682851243698,37.74465457258553],[-110.10683067862342,37.74447432870203],[-110.10671718648314,37.744473468587586],[-110.1067182697067,37.74438334664649],[-110.10660477770881,37.74438248642556],[-110.10660586106513,37.74429236448584],[-110.10649236920966,37.74429150415843],[-110.10649345269873,37.74420138222009],[-110.10637996098565,37.7442005217862],[-110.10638212822445,37.74402027791082],[-110.10626863679137,37.74401941737323],[-110.10627947407136,37.743118197939694],[-110.10616598401883,37.74311733732064],[-110.10616923552135,37.742846971471465],[-110.10605574588638,37.74284611075149],[-110.10605682984846,37.74275598880174],[-110.10594334035588,37.74275512797528],[-110.10594442445068,37.7426650060269],[-110.1058309351005,37.74266414509397],[-110.10583201932806,37.74257402314696],[-110.10560504091733,37.74257230095892],[-110.10560612541518,37.74248217901605],[-110.10526565824803,37.74247959492295],[-110.10526674315375,37.742389472987014],[-110.10503976534163,37.74238774971758],[-110.10504085051764,37.74229762778582],[-110.1045868955017,37.74229417994708],[-110.10458580977543,37.742384301867716],[-110.10447232089597,37.742383439632114],[-110.10447123502728,37.742473561548564],[-110.1043577460151,37.74247269920094],[-110.10435666000402,37.742562821113204],[-110.1042431708591,37.742561958653525],[-110.10423991238412,37.74283232437349],[-110.10412642283134,37.74283146179621],[-110.10412425021535,37.743011705596906],[-110.10401076039228,37.74301084290481],[-110.10400967393944,37.74310096480024],[-110.10389618398365,37.7431001019961],[-110.1038950973884,37.74319022388736],[-110.10378160729988,37.743189360971186],[-110.10378052056222,37.74327948285825],[-110.10366703034097,37.74327861983002],[-110.1036659434609,37.743368741712885],[-110.10355245310691,37.74336787857262],[-110.10355027905709,37.74354812232856],[-110.1034367884328,37.743547259073466],[-110.10343570126305,37.743637380946524],[-110.1032087197539,37.743635654103],[-110.10320763230415,37.74372577596908],[-110.10298065053921,37.74372404868295],[-110.10297956280948,37.74381417054204],[-110.10229861680563,37.74380898604474],[-110.10229752824559,37.74389910788569],[-110.10207054600797,37.74389737884029],[-110.10206945716791,37.74398750067425],[-110.1015020009709,37.74398317613478],[-110.10150091143812,37.744073297953356],[-110.1002525067188,37.74406377432115],[-110.10025141566781,37.74415389610757],[-110.09968395848381,37.74414956279954],[-110.09968286674008,37.74423968457055],[-110.0995693751803,37.74423881757838],[-110.09956828329412,37.7443289393452],[-110.09934129991399,37.74432720502747],[-110.0993402077478,37.74441732678728],[-110.09911322411199,37.74441559202691],[-110.09911213166576,37.7445057137797],[-110.09888514777427,37.74450397857669],[-110.09888405504802,37.74459410032248],[-110.098770562972,37.74459323255429],[-110.09876947010329,37.744683354295866],[-110.09854248569071,37.74468161842609],[-110.09854139254199,37.74477174016065],[-110.09842790020542,37.74477087205907],[-110.09842680691423,37.744860993789416],[-110.09831331444497,37.74486012557578],[-110.09831112757281,37.74504036902664],[-110.09819763483326,37.745039500698134],[-110.09819544766644,37.74521974413777],[-110.09808195465658,37.74521887569439],[-110.09807867345707,37.745489240834836],[-110.09796518003934,37.74548837227378],[-110.09796408615883,37.74557849398164],[-110.09785059260837,37.74557762530851],[-110.0978494985854,37.74566774701217],[-110.09773600490225,37.745666878226984],[-110.09773491073682,37.74575699992642],[-110.09716744170625,37.74575265434749],[-110.097166346848,37.74584277603148],[-110.0965988772515,37.745838427706914],[-110.09659997279768,37.74574830603696],[-110.09625949151112,37.74574569573947],[-110.09626058746518,37.74565557407654],[-110.0960336002404,37.74565383333752],[-110.09603469646476,37.745563711678805],[-110.09558072262419,37.74556022890086],[-110.09558181939398,37.745470107251975],[-110.0953548327782,37.74546836521306],[-110.0953559298183,37.745378243568375],[-110.09501545034404,37.74537562969896],[-110.09501654779199,37.74528550806132],[-110.09478956177543,37.74528376494104],[-110.09479065949365,37.74519364330762],[-110.0946771666303,37.745192771586396],[-110.09467826448122,37.745102649954376],[-110.09456477176035,37.74510177812671],[-110.09456586974396,37.745011656496104],[-110.09433888459205,37.74500991251862],[-110.09433998284591,37.74491979089223],[-110.09331855114294,37.744911937610475],[-110.09331745165083,37.7450020592115],[-110.09263649657717,37.744996818756704],[-110.09263539625468,37.74508694033939],[-110.09218142575334,37.74508344450637],[-110.0921803248756,37.745173566076375],[-110.0919533393792,37.74517181749864],[-110.0919522382214,37.745261939061585],[-110.09172525246946,37.74526019004116],[-110.09172415103158,37.74535031159706],[-110.09161065802539,37.74534943692013],[-110.09160955644502,37.74543955847178],[-110.09149606330617,37.74543868368277],[-110.09149385985553,37.74561892677619],[-110.0913803664464,37.74561805187226],[-110.09137706082086,37.74588841649336],[-110.09126356700389,37.745887541471696],[-110.09126026092139,37.74615790607164],[-110.09114676669655,37.74615703093223],[-110.09114015357339,37.74669776007712],[-110.09102665852794,37.74669688481149],[-110.09102555618595,37.74678700632788],[-110.09091206100783,37.74678613095016],[-110.09091095852332,37.74687625246232],[-110.09079746321251,37.746875376972504],[-110.09079636058551,37.74696549848042],[-110.09068286514203,37.74696462287852],[-110.09068176237251,37.74705474438219],[-110.09056826679634,37.747053868668196],[-110.09056716388433,37.74714399016764],[-110.09045366817546,37.74714311434155],[-110.09045256512094,37.747233235836745],[-110.09033906927941,37.74723235989855],[-110.09033796608237,37.747322481389524],[-110.09022447010815,37.74732160533922],[-110.0902233667686,37.74741172682597],[-110.0901098706617,37.74741085066358],[-110.09010876717964,37.747500972146064],[-110.0898817747054,37.747499219487814],[-110.08988067094322,37.747589340963245],[-110.08908619647522,37.74758320319754],[-110.08908509174492,37.74767332465173],[-110.08885809880888,37.74767157001531],[-110.08885699379847,37.74776169146243],[-110.08863000060694,37.74775993638323],[-110.08862889531639,37.747850057823285],[-110.08840190186937,37.747848302301335],[-110.0884007962987,37.74793842373432],[-110.08817380259617,37.74793666776963],[-110.08817269674539,37.748026789195514],[-110.08794570278738,37.748025032788064],[-110.08794459665644,37.74811515420687],[-110.08771760244295,37.74811339735666],[-110.08771649603189,37.748203518768385],[-110.08760299879494,37.74820264017654],[-110.08760189224134,37.748292761584025],[-110.08714790279244,37.74828924611255],[-110.0871467956835,37.74837936750726],[-110.08646581083258,37.748374091004834],[-110.0864647028931,37.7484642123811],[-110.0858972149651,37.74845981227653],[-110.08589610633264,37.748549933637186],[-110.08544211552878,37.74854641157525],[-110.08544100634096,37.748636532923115],[-110.08498701506576,37.748633009101404],[-110.08498590532258,37.748723130436495],[-110.08475890943944,37.748721367864306],[-110.0847577994161,37.748811489192306],[-110.08453080327756,37.74880972617732],[-110.08452969297404,37.74889984749821],[-110.08441619477458,37.74889896582396],[-110.08441397387752,37.74907920845581],[-110.08430047540779,37.749078326666606],[-110.08429825421571,37.74925856928711],[-110.08418475547572,37.749257687382936],[-110.08418253398861,37.74943792999211],[-110.08406903497836,37.749437047972954],[-110.08406681319623,37.749617290570804],[-110.0839533139157,37.749616408436665],[-110.08394998079254,37.749886772314326],[-110.08383648110413,37.74988589006238],[-110.08383425872204,37.75006613263475],[-110.08372075876333,37.75006525026781],[-110.0837185360862,37.750245492828846],[-110.08360503585723,37.75024461034693],[-110.08360392437362,37.75033473162249],[-110.08337692365531,37.750332966325125],[-110.08337581189151,37.75042308759355],[-110.0824678081156,37.75041602201008],[-110.08246892098033,37.75032590076445],[-110.08224192036117,37.75032413328149],[-110.08224303349617,37.75023401204016],[-110.0819025330175,37.75023136000466],[-110.08190364656038,37.75014123877048],[-110.08099564660323,37.75013416189039],[-110.08099676124206,37.75004404067766],[-110.0787267654932,37.750026317936424],[-110.0787256481021,37.75011643909193],[-110.07838514849863,37.75011377690204],[-110.07838403068968,37.75020389804756],[-110.0782705306942,37.750203010429495],[-110.07826941274266,37.750293131570714],[-110.07815591261455,37.75029224384052],[-110.07815479452042,37.750382364977476],[-110.07804129425968,37.75038147713512],[-110.07803905778121,37.750561719399066],[-110.07792555725023,37.75056083144171],[-110.0779244388659,37.7506509525687],[-110.07781093820229,37.75065006449918],[-110.07780870114345,37.750830306743204],[-110.07769520020958,37.75082941855867],[-110.07769408153506,37.7509195396757],[-110.07758058046855,37.75091865137902],[-110.07757834282933,37.751098893603114],[-110.07746484149258,37.75109800519142],[-110.07746372252785,37.751188126298466],[-110.07735022105847,37.75118723777463],[-110.07734910195116,37.75127735887741],[-110.07723560034911,37.75127647024139],[-110.07723448109918,37.75136659133991],[-110.07712097936452,37.751365702591755],[-110.07711985997199,37.75145582368598],[-110.0770063581047,37.751454934825674],[-110.0770041190294,37.75163517700415],[-110.07689061689184,37.751634288028825],[-110.07688949720908,37.751724409113066],[-110.0767759949389,37.75172352002558],[-110.07677375528316,37.751903762184114],[-110.07666025274271,37.751902872981596],[-110.07665801279175,37.75208311512875],[-110.07654450998105,37.7520822258112],[-110.07654226973487,37.752262467946984],[-110.0764287666539,37.75226157851441],[-110.0764254058343,37.75253194169887],[-110.07631190234542,37.75253105214839],[-110.07630966149881,37.752711294258575],[-110.07619615773967,37.75271040459307],[-110.07619503717123,37.75280052564317],[-110.07608153327946,37.75279963586549],[-110.07607929185234,37.75297987795572],[-110.07596578769031,37.75297898806302],[-110.07596466683162,37.75306910910315],[-110.07585116253695,37.75306821909828],[-110.07584892052932,37.75324846116855],[-110.07573541596437,37.75324757104864],[-110.07573429481542,37.75333769207879],[-110.07562079011784,37.753336801846714],[-110.07561854752969,37.753517043897034],[-110.07550504256183,37.753516153549924],[-110.07550392112262,37.7536062745701],[-110.07539041602212,37.75360538411081],[-110.07538929444027,37.75369550512671],[-110.07527578920713,37.75369461455525],[-110.07527466748265,37.753784735566846],[-110.07516116211687,37.753783844883216],[-110.07515891837762,37.753964086896445],[-110.07504541274157,37.75396319609778],[-110.07504429072681,37.7540533170994],[-110.07481727919442,37.75405153516843],[-110.07481615689937,37.754141656162886],[-110.07458914511172,37.75413987378899],[-110.07458802253639,37.75422999477628],[-110.07436101049346,37.75422821195946],[-110.07435988763784,37.754318332939576],[-110.07413287533966,37.75431654967982],[-110.07413175220375,37.75440667065278],[-110.0739047396503,37.75440488695006],[-110.07390361623409,37.75449500791586],[-110.07379010982723,37.754494115897685],[-110.07378786270453,37.75467435781926],[-110.0736743560274,37.75467346568603],[-110.0736732323209,37.75476358664183],[-110.07355972551113,37.75476269439642],[-110.07355860166196,37.754852815347924],[-110.07344509471955,37.75485192299033],[-110.07344284673091,37.75503216488335],[-110.07332933951821,37.755031272410704],[-110.07332709123425,37.75521151429232],[-110.07321358375127,37.75521062170461],[-110.0732079622654,37.75566122636957],[-110.07309445409918,37.75566033365815],[-110.07309108073459,37.75593069643155],[-110.07297757216043,37.75592980360218],[-110.07297532295033,37.7561100454383],[-110.07286181410588,37.756109152493856],[-110.07285843984016,37.756379515228815],[-110.07274493058775,37.75637862216643],[-110.0727426807769,37.75655886397692],[-110.0726291712542,37.75655797079946],[-110.07262692114797,37.75673821259854],[-110.07251341135498,37.756737319306005],[-110.07251116095337,37.75691756109367],[-110.07239765089007,37.75691666768606],[-110.0723965255441,37.7570067885749],[-110.07228301534813,37.75700589505511],[-110.0722807643658,37.75718613682278],[-110.07216725389955,37.757185243187905],[-110.07216612826319,37.75727536406674],[-110.0720526176643,37.757274470319686],[-110.07205149188526,37.75736459119421],[-110.07193798115372,37.75736369733496],[-110.07193572930528,37.75754393907404],[-110.07182221830342,37.75754304509971],[-110.07182109223402,37.75763316596424],[-110.07170758109952,37.75763227187771],[-110.0717053286703,37.757812513596775],[-110.0715918172655,37.75781161939517],[-110.07159069090571,37.7579017402497],[-110.07147717936826,37.7579008459359],[-110.07147605286576,37.75799096678613],[-110.07136254119567,37.75799007236013],[-110.0713614145505,37.75808019320606],[-110.07102087915733,37.758077509263536],[-110.07101975209413,37.75816763009941],[-110.07079272824848,37.75816584025206],[-110.07079160090491,37.75825596108073],[-110.0704510647611,37.75825327548123],[-110.07044993699952,37.758343396299814],[-110.07022291265345,37.75834160534781],[-110.0702217846115,37.7584317261592],[-110.06999476001019,37.75842993476418],[-110.06999363168788,37.75852005556838],[-110.06976660683135,37.758518263730316],[-110.06976547822866,37.758608384527335],[-110.06965196567027,37.75860748844145],[-110.06965083692488,37.75869760923414],[-110.06953732423385,37.75869671303606],[-110.06953619534576,37.758786833824445],[-110.06942268252209,37.75878593751415],[-110.06941703731779,37.75923654142052],[-110.06930352381079,37.75923564498644],[-110.06930239461715,37.75932576576058],[-110.0691888809775,37.75932486921429],[-110.06918775164117,37.75941498998414],[-110.06907423786889,37.75941409332565],[-110.06907310838984,37.75950421409119],[-110.06895959448491,37.75950331732047],[-110.06895846486314,37.75959343808171],[-110.06884495082558,37.759592541198785],[-110.0688438210611,37.75968266195571],[-110.0687303068909,37.75968176496058],[-110.06872917698371,37.759771885713214],[-110.06861566268086,37.759770988605865],[-110.06861453263096,37.75986110935417],[-110.06850101819546,37.75986021213461],[-110.06849988800283,37.75995033287862],[-110.0683863734347,37.75994943554686],[-110.06838524309936,37.76003955628654],[-110.06815821370284,37.760037761289276],[-110.06815708308712,37.76012788202176],[-110.06804356825873,37.760126984356255],[-110.06804243750027,37.76021710508442],[-110.06792892253927,37.760216207306705],[-110.06792666073187,37.76039644875304],[-110.06781314550052,37.760395550860196],[-110.06781201445159,37.76048567157835],[-110.0676984990876,37.76048477357328],[-110.06769623669923,37.76066501499957],[-110.06758272106492,37.76066411687939],[-110.06758045838102,37.76084435829423],[-110.06746694247637,37.76084346005893],[-110.06746467949694,37.76102370146232],[-110.06735116332196,37.76102280311189],[-110.06734890004697,37.76120304450385],[-110.06723538360167,37.76120214603831],[-110.06723312003112,37.76138238741881],[-110.06711960331549,37.761381488838154],[-110.06711847138496,37.7614716095234],[-110.06689143769347,37.761469812028295],[-110.06689030548252,37.76155993270631],[-110.06677678850664,37.761559033791876],[-110.06677565615294,37.76164915446558],[-110.06654862194097,37.76164735630293],[-110.06654748930684,37.761737476969444],[-110.06643397207073,37.76173657772122],[-110.06643283929387,37.7618266983834],[-110.06631932192512,37.76182579902297],[-110.06631705608086,37.76200604033729],[-110.06620353844177,37.762005140861724],[-110.06620127230194,37.76218538216459],[-110.06608775439251,37.7621844825739],[-110.06608662117732,37.762274603220305],[-110.06597310313525,37.76227370351739],[-110.06597083641434,37.762453944800164],[-110.06585731810193,37.762453044982095],[-110.0658550510854,37.76263328625343],[-110.06574153250266,37.762632386320234],[-110.06573926519053,37.76281262758011],[-110.06562574633743,37.76281172753177],[-110.0656234787297,37.7629919687802],[-110.06550995960627,37.762991068616714],[-110.06550655774366,37.76326143047007],[-110.06539303821218,37.76326053018853],[-110.06538963589098,37.763530892020455],[-110.06527611595145,37.76352999162088],[-110.06527384743663,37.763710232829304],[-110.06516032722674,37.763709332314576],[-110.06515578958562,37.76406981470286],[-110.06504226882996,37.76406891406717],[-110.06503659597624,37.76451951700623],[-110.0649230745371,37.76451861624667],[-110.06491740086841,37.76496921913593],[-110.06480387874576,37.7649683182525],[-110.06479820426206,37.76541892109193],[-110.0646846814559,37.765418020084624],[-110.06468241135157,37.7655982612047],[-110.06456888827503,37.76559736008223],[-110.06456775307757,37.765687480637254],[-110.06468127629182,37.76568838176262],[-110.06467673600221,37.76604886398023],[-110.0647902597724,37.76604976500791],[-110.06478798987268,37.76623000611405],[-110.06490151392336,37.7662309070382],[-110.06489924427886,37.76641114814453],[-110.06501276861005,37.76641204896515],[-110.06501049922075,37.76659229007165],[-110.06512402383245,37.766593190788754],[-110.06512062012375,37.76686355244664],[-110.06523414515368,37.76686445306313],[-110.06522960735553,37.76722493526552],[-110.06534313294142,37.767225835784295],[-110.0653397299529,37.76749619743],[-110.06522620395383,37.76749529690251],[-110.06522053151652,37.767945899602594],[-110.06510700483385,37.76794499895122],[-110.06510587019348,37.768035119484104],[-110.06499234337812,37.76803421872049],[-110.06499120859496,37.76812433924904],[-110.06385593934236,37.76811532556953],[-110.06385480317681,37.768205446067576],[-110.06271953305327,37.768196421424136],[-110.06272067059616,37.76810630095524],[-110.06203950959178,37.76810088093795],[-110.06204064795602,37.768010760485105],[-110.06170006793552,37.76800804900903],[-110.06170120670788,37.76791792856354],[-110.06158768018227,37.7679170245224],[-110.06158881908729,37.767826904078426],[-110.06136176632675,37.76782509567395],[-110.06136290550215,37.7677349752344],[-110.0611358530374,37.767733166398365],[-110.06113699248318,37.76764304596324],[-110.06090994031419,37.76764123669567],[-110.06091108003037,37.76755111626498],[-110.06079755409122,37.7675502114701],[-110.06079869394004,37.767460091040924],[-110.06057164235246,37.76745828112896],[-110.06057278247167,37.7673681607042],[-110.06045925682322,37.76736725558713],[-110.06046039707506,37.767277135163894],[-110.06023334606888,37.76727532460755],[-110.0602344865911,37.76718520418876],[-110.0600074358807,37.76718339320088],[-110.0600085766733,37.767093272786504],[-110.0597815262587,37.7670914613671],[-110.05978266732166,37.76700134095717],[-110.05966914225972,37.76700043508638],[-110.05967028345532,37.76691031467796],[-110.05955675853619,37.76690940870075],[-110.05955789986442,37.76681928829385],[-110.05933085031687,37.766817476017245],[-110.05933199191547,37.76672735561478],[-110.05921846728705,37.7667264493154],[-110.05921960901829,37.76663632891445],[-110.05910608453269,37.76663542250864],[-110.05910722639655,37.76654530210921],[-110.05899370205375,37.766544395596995],[-110.05899484405026,37.76645427519907],[-110.05888131985027,37.766453368580436],[-110.05888246197941,37.76636324818403],[-110.05876893792224,37.76636234145899],[-110.058770080184,37.76627222106409],[-110.05865655626965,37.76627131423265],[-110.05865769866405,37.76618119383925],[-110.0585441748925,37.76618028690138],[-110.05854531741952,37.76609016650954],[-110.05843179379079,37.766089259465254],[-110.05843293645044,37.765999139074914],[-110.05831941296452,37.76599823192422],[-110.0583205557568,37.765908111535396],[-110.05820703241369,37.765907204278285],[-110.05820931825839,37.765726963502274],[-110.05809579519581,37.76572605614169],[-110.05809808129557,37.76554581536588],[-110.05798455851352,37.76554490790182],[-110.05798570169348,37.765454787514734],[-110.05787217905424,37.76545387994426],[-110.05787332236682,37.76536375955869],[-110.05764627737905,37.765361944095595],[-110.05764742096197,37.76527182371448],[-110.05742037627003,37.76527000781989],[-110.05741923241169,37.76536012819516],[-110.05719218746472,37.765358311857376],[-110.05719104332584,37.76544843222537],[-110.0570775207223,37.76544752388955],[-110.05707637644062,37.76553764425318],[-110.05696285370445,37.76553673580509],[-110.05696170927996,37.765626856164374],[-110.05684818641117,37.765625947604],[-110.05684704184387,37.76571606795897],[-110.05661999584616,37.76571425050435],[-110.05661885099832,37.765804370852024],[-110.0565053278694,37.765803461957766],[-110.05650418287874,37.765893582301096],[-110.05639065961722,37.76589267329457],[-110.0563918047456,37.76580255295419],[-110.05616475851329,37.76580073461899],[-110.05616590391202,37.76571061428307],[-110.055825335015,37.76570788596906],[-110.05582648082176,37.765617765640506],[-110.05525886678414,37.765613216278425],[-110.05526001327438,37.765523095963154],[-110.05514649061989,37.765522185765676],[-110.05514534399194,37.76561230607799],[-110.05480477564602,37.76560957482067],[-110.05480362859981,37.76569969512278],[-110.054576582786,37.765697873732],[-110.05457543545924,37.7657879940268],[-110.05434838939046,37.7657861721928],[-110.05434724178315,37.76587629248029],[-110.0542337186187,37.76587538139635],[-110.05423257086858,37.76596550167951],[-110.0540055242796,37.76596367917771],[-110.05400437624891,37.76605379945357],[-110.05377732940497,37.76605197650852],[-110.05377618109372,37.76614209677709],[-110.05309503985845,37.76613662530016],[-110.05309389071577,37.76622674554966],[-110.05286684340285,37.766224920843406],[-110.05286799282098,37.76613480059981],[-110.05275446930993,37.76613388808562],[-110.05275561886064,37.76604376784355],[-110.05264209549244,37.76604285522298],[-110.05264439485393,37.765862614740506],[-110.05253087176628,37.76586170201647],[-110.05253432118322,37.76559134129102],[-110.05242079851385,37.765590428466496],[-110.05242654812817,37.76513982724392],[-110.05231302615249,37.7651389143248],[-110.05231417619768,37.765048794078986],[-110.05220065436485,37.765047881053476],[-110.05220295471528,37.76486764056353],[-110.052089433163,37.76486672743458],[-110.05209173376835,37.764686486944875],[-110.0519782124966,37.764685573712484],[-110.0519793629293,37.76459545346847],[-110.05186584180039,37.76459454012971],[-110.05186929348083,37.764324179398024],[-110.05175577277018,37.764323265958765],[-110.05175807414025,37.764143025469814],[-110.05164455371013,37.76414211192712],[-110.05164570452519,37.76405199168348],[-110.0515321842379,37.764051078034406],[-110.051534486128,37.763870837548794],[-110.05142096612126,37.763869923796285],[-110.05142211719632,37.763779803554314],[-110.05130859733241,37.76377888969543],[-110.05130974854005,37.763688769455],[-110.05119622881897,37.763687855489735],[-110.05119738015918,37.763597735250826],[-110.05108386058095,37.76359682117919],[-110.05108616352136,37.763416580703066],[-110.05097264422363,37.763415666528005],[-110.05097379582385,37.763325546290766],[-110.05086027666898,37.763324632009315],[-110.05086142840176,37.763234511773625],[-110.05074790938971,37.763233597385806],[-110.05074906125506,37.76314347715166],[-110.05063554238585,37.76314256265747],[-110.05063784637653,37.76296232219083],[-110.05041080920431,37.76296049288628],[-110.05041196146733,37.76287037265676],[-110.05018492459105,37.76286854292079],[-110.05018607712434,37.76277842269577],[-110.04950496744495,37.762772930881795],[-110.0495038140855,37.76286305108909],[-110.0491632589021,37.76286030369734],[-110.04916210512441,37.76295042389436],[-110.04882154957421,37.7629476755098],[-110.04882039537829,37.76303779569654],[-110.04847983946131,37.763035046319175],[-110.04847868484714,37.76312516649563],[-110.04813812856338,37.76312241612544],[-110.04813697353096,37.763212536291576],[-110.0480234546423,37.7632116192799],[-110.04802460981242,37.763121499116714],[-110.04779757232595,37.7631196647713],[-110.04779872776629,37.76302954461262],[-110.04768520916848,37.76302862727888],[-110.04768636474138,37.76293850712174],[-110.04757284628641,37.76293758968165],[-110.04757400199185,37.76284746952606],[-110.04746048367973,37.7628465519796],[-110.04746163951773,37.76275643182557],[-110.04734812134845,37.762755514172746],[-110.04735043328436,37.762575273866354],[-110.04723691539563,37.76257435611012],[-110.04723922758632,37.76239411580402],[-110.04712570997813,37.762393197944405],[-110.04712802242358,37.76221295763858],[-110.04701450509593,37.76221203967557],[-110.04701681779616,37.76203179937002],[-110.04690330074904,37.762030881303595],[-110.04690561370403,37.76185064099835],[-110.04679209693744,37.76184972282853],[-110.04679441014719,37.76166948252356],[-110.04668089366113,37.76166856425035],[-110.04668320712565,37.76148832394565],[-110.04656969092012,37.761487405569056],[-110.04657200463937,37.76130716526465],[-110.04645848871438,37.76130624678467],[-110.04646080268837,37.761126006480524],[-110.04634728704391,37.761125087897156],[-110.04634960127264,37.7609448475933],[-110.04623608590869,37.76094392890654],[-110.04623840039217,37.760763688602985],[-110.04612488530874,37.76076276981285],[-110.04612720004694,37.76058252950956],[-110.04601368524403,37.76058161061603],[-110.04601484274308,37.76049149046524],[-110.04533375486011,37.76048597482624],[-110.04533491318007,37.76039585469184],[-110.04465382630903,37.76039033513526],[-110.04465266716299,37.760480455251844],[-110.04453915256488,37.76047953494017],[-110.04453799327601,37.76056965505236],[-110.0444244785454,37.76056873462839],[-110.04442331911366,37.760658854736214],[-110.04430980425053,37.760657934199955],[-110.04430748509621,37.76083817440539],[-110.04419396996289,37.760837253753884],[-110.04419165051253,37.76101749394773],[-110.04407813510902,37.76101657318096],[-110.04407581536262,37.7611968133632],[-110.0439622996889,37.76119589248117],[-110.04396113967027,37.761286012567204],[-110.04384762386402,37.761285091572866],[-110.04384646370254,37.76137521165452],[-110.0437329477638,37.76137429054789],[-110.04373178745945,37.76146441062515],[-110.04361827138818,37.76146348940624],[-110.04361711094099,37.761553609479115],[-110.0435035947372,37.76155268814791],[-110.04350011295148,37.761823048349136],[-110.04338659633981,37.76182212689968],[-110.04338079257172,37.762272727191956],[-110.04326727527679,37.7622718056183],[-110.04326495345795,37.76245204571938],[-110.0431514358928,37.76245112403045],[-110.04315027483793,37.7625412440759],[-110.04303675714026,37.76254032227467],[-110.04303559594251,37.76263044231572],[-110.04292207811234,37.76262952040219],[-110.04292091677172,37.76271964043885],[-110.0426938808515,37.76271779627788],[-110.04269271923032,37.76280791630717],[-110.04257920114028,37.762806994059716],[-110.04257803937622,37.76289711408462],[-110.0423510029363,37.762895269255786],[-110.04234984089167,37.76298538927334],[-110.04189576752317,37.762981698291824],[-110.04189460492259,37.763071818296034],[-110.04144053108621,37.7630681255534],[-110.04143936792966,37.763158245544275],[-110.04098529362545,37.763154551040486],[-110.04098412991293,37.763244671018036],[-110.04075709251654,37.763242823104214],[-110.04075476452513,37.763423063043135],[-110.04064124555933,37.76342213891626],[-110.04064008141815,37.763512258880624],[-110.04052656231984,37.76351133464144],[-110.04052539803577,37.7636014546014],[-110.04041187880495,37.76360053024992],[-110.04040954994584,37.76378077015962],[-110.0402960304448,37.76377984569284],[-110.04029370128953,37.76396008559094],[-110.04018018151828,37.76395916100886],[-110.04017785206682,37.76413940089534],[-110.04006433202537,37.76413847619795],[-110.04006083739615,37.76440883600812],[-110.03994731694677,37.76440791119245],[-110.03994382185772,37.764678270980944],[-110.03983030100039,37.76467734604698],[-110.03982913582261,37.76476746597067],[-110.03971561483279,37.76476654092439],[-110.0397144495121,37.764856660843684],[-110.03960092838977,37.76485573568508],[-110.0395997629262,37.764945855599976],[-110.03948624167133,37.76494493032906],[-110.03948507606485,37.765035050239554],[-110.03937155467749,37.76503412485631],[-110.03937038892809,37.7651242447624],[-110.03925686740821,37.76512331926684],[-110.03925570151591,37.76521343916853],[-110.03914217986352,37.76521251356064],[-110.03914101382831,37.76530263345794],[-110.0390274920434,37.765301707737734],[-110.03902632586528,37.76539182763062],[-110.03891280394788,37.76539090179809],[-110.03891163762685,37.765481021686576],[-110.03879811557691,37.76548009574173],[-110.03879694911298,37.76557021562583],[-110.03856990475327,37.76556836340214],[-110.03856873800872,37.76565848327883],[-110.03845521569896,37.76565755699999],[-110.03845404881149,37.76574767687227],[-110.03834052636921,37.76574675048111],[-110.0383393593388,37.765836870349005],[-110.03822583676403,37.76583594384553],[-110.03822466959072,37.765926063709],[-110.03799762418132,37.76592421036803],[-110.03799645672738,37.76601433022411],[-110.03788293389277,37.76601340338662],[-110.03788059869385,37.76619364308859],[-110.03776707558902,37.766192716135784],[-110.03776590784402,37.76628283598164],[-110.03765238460667,37.766281908916504],[-110.03765004882564,37.76646214859802],[-110.03753652531807,37.766461221417565],[-110.03753535728202,37.76655134125319],[-110.03742183364194,37.766550413960395],[-110.03742066546296,37.766640533791644],[-110.03730714169036,37.76663960638651],[-110.03730597336848,37.76672972621334],[-110.03719244946335,37.76672879869588],[-110.03719128099853,37.766818918518304],[-110.03696423292847,37.76681706314937],[-110.036963064183,37.76690718296439],[-110.03650896755451,37.76690347090246],[-110.03651013685086,37.76681335109942],[-110.0361695648474,37.766810565913886],[-110.03616839513786,37.766900685707924],[-110.03605487100941,37.76689975709107],[-110.03605370115696,37.76698987688072],[-110.03594017689599,37.76698894815153],[-110.0359390069006,37.76707906793674],[-110.03582548250714,37.767078139095204],[-110.0358243123688,37.767168258876026],[-110.03571078784282,37.767167329922145],[-110.03570961756155,37.76725744969856],[-110.03559609290306,37.767256520632344],[-110.03559492247885,37.767346640404334],[-110.03548139768786,37.767345711225765],[-110.0354802271207,37.76743583099334],[-110.03536670219721,37.76743490170245],[-110.03536553148712,37.767525021465616],[-110.03525200643111,37.767524092062374],[-110.03525083557807,37.767614211821126],[-110.03513731038954,37.76761328230555],[-110.03513496839236,37.76779352181281],[-110.03502144293361,37.76779259218188],[-110.03502027178945,37.76788271193039],[-110.0349067461982,37.76788178218712],[-110.03490557491111,37.76797190193121],[-110.03479204918733,37.76797097207559],[-110.03478970632202,37.768151211553544],[-110.03467618032802,37.76815028158258],[-110.0346750087498,37.768240401316426],[-110.03444795650199,37.76823854104045],[-110.0344467846431,37.76832866076688],[-110.0343332583893,37.76832773046188],[-110.03433208638744,37.7684178501839],[-110.03421856000112,37.768416919766544],[-110.03421738785632,37.768507039484135],[-110.0341038613375,37.768506108954426],[-110.03410268904973,37.76859622866761],[-110.03398916239841,37.76859529802555],[-110.03398798996768,37.768685417734325],[-110.03364740963188,37.76868262514304],[-110.03364623678273,37.768772744841385],[-110.0318298069164,37.768757834352314],[-110.03182863185828,37.7688479540011],[-110.03114747017754,37.768842355332694],[-110.03114629428775,37.76893247496202],[-110.03069218605448,37.768928740317406],[-110.03069336249519,37.768838620700144],[-110.03046630868548,37.76883675272779],[-110.03046748539641,37.76874663311516],[-110.03035395863715,37.76874569896797],[-110.03035513548058,37.76865557935694],[-110.0302416088643,37.768654645103425],[-110.03024278584022,37.768564525493986],[-110.03012925936692,37.768563591134146],[-110.0301304364753,37.76847347152632],[-110.02990338381993,37.768471602484624],[-110.02990456119853,37.768381482881416],[-110.02979103501643,37.768380548199566],[-110.02979221252752,37.76829042859797],[-110.02956516045454,37.76828855891227],[-110.02956633823585,37.76819843931529],[-110.02945281234496,37.76819750431144],[-110.02945399025874,37.768107384716075],[-110.02922693876818,37.76810551438636],[-110.02922811695217,37.76801539479562],[-110.02911459135248,37.768014459469775],[-110.02911576966895,37.76792433988063],[-110.02888871876081,37.767922468906946],[-110.02888989734748,37.76783234932244],[-110.02877637203902,37.7678314136746],[-110.02877755075816,37.76774129409169],[-110.02855050043244,37.76773942247403],[-110.0285516794218,37.76764930289574],[-110.02843815440454,37.76764836692593],[-110.02843933352635,37.76755824734926],[-110.02832580865207,37.767557311273116],[-110.02832698790637,37.76746719169805],[-110.02809993844903,37.76746531922378],[-110.02810111797352,37.76737519965335],[-110.02798759339045,37.76737426325524],[-110.0279887730474,37.76728414368642],[-110.02787524860733,37.76728320718197],[-110.02787642839674,37.76719308761477],[-110.02776290409963,37.76719215100401],[-110.0277640840215,37.7671020314384],[-110.0276505598674,37.767101094721326],[-110.02765173992172,37.76701097515734],[-110.02742469190473,37.767009101401214],[-110.02742587222924,37.76691898184187],[-110.02731234836635,37.76691804480282],[-110.02731352882331,37.76682792524507],[-110.02720000510342,37.76682698809971],[-110.02720118569285,37.766736868543596],[-110.02697413854428,37.7667349939309],[-110.02697531940387,37.766644874379416],[-110.0268617959752,37.76664393691209],[-110.02686297696725,37.76655381736221],[-110.02663593040113,37.7665519421056],[-110.02663711166335,37.76646182256036],[-110.0265235885259,37.76646088477107],[-110.02652476992058,37.76637076522746],[-110.0262977239369,37.76636888932693],[-110.02629890560176,37.766278769787945],[-110.02607185991458,37.76627689345612],[-110.0260730418496,37.76618677392179],[-110.02595951915164,37.76618583559491],[-110.02596070121909,37.766095716062196],[-110.0257336561144,37.766093839086466],[-110.02573483845201,37.7660037195584],[-110.02528074885672,37.76599996430704],[-110.02528193173991,37.76590984478967],[-110.02460079833143,37.765904208650745],[-110.02460198203563,37.765814089150176],[-110.02267210741792,37.76579809876648],[-110.02267329345796,37.76570797931611],[-110.02210568425545,37.76570327026387],[-110.02210687097875,37.76561315082729],[-110.02187982761019,37.765611266447124],[-110.02188101460361,37.765521147015235],[-110.02154045000358,37.76551831963413],[-110.02154163740487,37.76542820020994],[-110.0214281160198,37.76542725753394],[-110.02142930355349,37.76533713811137],[-110.02131578231143,37.76533619532909],[-110.02131696997755,37.76524607590816],[-110.02108992778474,37.76524419002169],[-110.02109111572098,37.76515407060542],[-110.02097759477023,37.76515312750124],[-110.02097878283885,37.7650630080866],[-110.02075174122865,37.76506112155632],[-110.02075292956741,37.764971002146375],[-110.0205258882538,37.76496911518485],[-110.02052707686266,37.764878995779576],[-110.02018651534512,37.764876164526456],[-110.0201877043618,37.76478604512891],[-110.02007418400426,37.76478510116225],[-110.02007537315335,37.76469498176633],[-110.0199618529388,37.764694037693396],[-110.0199630422203,37.76460391829912],[-110.01984952214876,37.76460297411991],[-110.01985071156265,37.76451285472726],[-110.01973719163412,37.76451191044177],[-110.01973838118042,37.764421791050744],[-110.01962486139489,37.76442084665895],[-110.01962605107357,37.76433072726959],[-110.01951253143105,37.76432978277153],[-110.01951372124215,37.7642396633838],[-110.0192866822484,37.764237774065776],[-110.01928787232961,37.76414765468272],[-110.01894731429188,37.764144819894895],[-110.01894850478087,37.76405470051959],[-110.01883498558327,37.76405375537471],[-110.01883617620466,37.763963636001044],[-110.01860913810077,37.763961745389395],[-110.01861032899225,37.763871626020396],[-110.018383291185,37.76386973497756],[-110.01838448234656,37.763779615613274],[-110.01815744483595,37.76377772413923],[-110.01815863626759,37.76368760477963],[-110.01804511765795,37.76368665888167],[-110.01804630922197,37.763596539523704],[-110.017705753838,37.76359370118304],[-110.0177069458098,37.763503581832836],[-110.0174799091891,37.76350168906521],[-110.017481101431,37.76341156971969],[-110.01725406510694,37.76340967652089],[-110.0172552576189,37.76331955718006],[-110.0170282215915,37.76331766355007],[-110.01702941437352,37.76322754421395],[-110.01668886078538,37.76322470295819],[-110.01669005397518,37.76313458362983],[-110.01634950084798,37.763131741399334],[-110.01635069444552,37.76304162207874],[-110.01612365932938,37.763039726717906],[-110.016124853197,37.762949607402014],[-110.0160113357846,37.76294865956067],[-110.01601252978458,37.762858540246434],[-110.01578549525112,37.76285664424191],[-110.01578668952116,37.762766524932374],[-110.01567317240011,37.76276557676918],[-110.01567556119961,37.762585338151986],[-110.01556204435926,37.762584389885596],[-110.01556323888872,37.76249427057794],[-110.01544972219138,37.7624933222053],[-110.01545211150969,37.762313083591856],[-110.01533859509304,37.76231213511602],[-110.01534098466543,37.76213189650305],[-110.01522746852947,37.762130947924014],[-110.01522985835594,37.76195070931152],[-110.01511634250069,37.7619497606293],[-110.01512112264042,37.76158928339959],[-110.01500760734123,37.76158833462029],[-110.01502194890124,37.760506902832205],[-110.01490843525951,37.76050595398035],[-110.01491082572029,37.76032571533534],[-110.01479731235925,37.7603247663803],[-110.01479850771932,37.76023464705874],[-110.01468499450127,37.76023369799745],[-110.01468738548077,37.76005345935621],[-110.01457387254341,37.760052510191734],[-110.01457506816283,37.759962390872055],[-110.01446155536846,37.75996144160134],[-110.01446275112022,37.75987132228331],[-110.01434923846885,37.75987037290635],[-110.01435043435298,37.759780253589966],[-110.0142369218446,37.75977930410676],[-110.01423811786105,37.759689184792045],[-110.01412460549568,37.75968823520258],[-110.01412699778793,37.759507996575024],[-110.01401348570322,37.75950704688239],[-110.01402903687266,37.758335495705275],[-110.0139155265829,37.758334545943185],[-110.01391911559934,37.7580641879545],[-110.0138056057279,37.758063238092326],[-110.01380799865416,37.75788299943227],[-110.01369448906337,37.75788204946692],[-110.01369568565617,37.757791930137834],[-110.01358217620837,37.757790980066254],[-110.01358456965328,37.75761074140997],[-110.01347106048613,37.75760979123522],[-110.01347225733821,37.757519671908035],[-110.01335874831405,37.757518721627044],[-110.01336114227756,37.75733848297455],[-110.01324763353404,37.757337532590405],[-110.01324883064544,37.757247413265105],[-110.0131353220449,37.75724646277472],[-110.01313651928862,37.75715634345109],[-110.01302301083106,37.75715539285447],[-110.0130254055778,37.75697515420908],[-110.0129118974009,37.75697420350931],[-110.01291429240158,37.75679396486441],[-110.0128007845053,37.75679301406148],[-110.01280317975994,37.756612775417054],[-110.0126896721443,37.75661182451096],[-110.01269086990126,37.7565217051897],[-110.01257736242862,37.75652075417739],[-110.01258095608038,37.75625039621432],[-110.01246744902602,37.75624944510193],[-110.01247823093185,37.755438371164054],[-110.01259173674744,37.75543932224882],[-110.01260491253102,37.75444800946877],[-110.01271841683794,37.75444896041047],[-110.0127232073213,37.75408848298122],[-110.01283671108304,37.75408943380135],[-110.01284030347662,37.753819075705344],[-110.01295380683081,37.75382002640698],[-110.01295620145792,37.75363978766309],[-110.0130697045422,37.75364073824932],[-110.01307329602996,37.753370380113694],[-110.01318679870668,37.75337133058141],[-110.01318919272994,37.75319109181112],[-110.01330269513674,37.75319204216341],[-110.0133050888634,37.75301180338132],[-110.01341859100029,37.753012753618194],[-110.01342098443037,37.75283251482433],[-110.01353448629736,37.75283346494579],[-110.01353687943086,37.75265322614012],[-110.01365038102794,37.75265417614616],[-110.01365277386488,37.752473937328695],[-110.01376627519203,37.75247488721932],[-110.01376747146487,37.7523847678054],[-110.01388097265976,37.75238571758368],[-110.01388216878965,37.75229559816529],[-110.01399566985224,37.752296547831214],[-110.01399686583919,37.75220642840834],[-110.0141103667695,37.752207377961916],[-110.0141115626135,37.75211725853456],[-110.01422506341152,37.75211820797578],[-110.01422625911256,37.75202808854396],[-110.0143397597783,37.75202903787285],[-110.01434215088918,37.75184879899881],[-110.014455651285,37.75184974821228],[-110.01445684669483,37.75175962877008],[-110.01457034695837,37.75176057787122],[-110.01457154222526,37.75167045842452],[-110.0146850423565,37.75167140741332],[-110.01468623748046,37.75158128796215],[-110.01479973747942,37.75158223683861],[-110.01480093246043,37.75149211738297],[-110.0149144323271,37.751493066147084],[-110.01491682199791,37.751312827225426],[-110.0150303215947,37.751313775874124],[-110.01503151628451,37.751223656408115],[-110.01514501574898,37.751224604944504],[-110.01514621029587,37.75113448547402],[-110.01525970962807,37.75113543389804],[-110.015260904032,37.75104531442307],[-110.01537440323192,37.75104626273476],[-110.01537559749292,37.75095614325533],[-110.01548909656054,37.75095709145468],[-110.01549029067861,37.750866971970765],[-110.01560378961395,37.750867920057786],[-110.0156049835891,37.750777800569395],[-110.01571848239215,37.750778748544064],[-110.01572087005125,37.75059850955694],[-110.01583436858441,37.75059945741622],[-110.01583675594702,37.75041921841731],[-110.01595025421028,37.75042016616119],[-110.01595144774599,37.750330046656565],[-110.01606494587698,37.75033099428812],[-110.01606733265724,37.75015075526848],[-110.01618083051834,37.750151702784635],[-110.01618321700211,37.74997146375324],[-110.01629671459331,37.74997241115401],[-110.01629910078061,37.749792172110844],[-110.01641259810192,37.749793119396216],[-110.01641498399275,37.74961288034126],[-110.01652848104418,37.74961382751126],[-110.01652967384402,37.74952370797861],[-110.01664317076316,37.749524655036275],[-110.01665390448413,37.74871357915125],[-110.01654040880337,37.74871263212111],[-110.0165487579185,37.7480817952639],[-110.01643526320619,37.748080848145904],[-110.01643764889499,37.74790060903723],[-110.0163241544632,37.747899661816085],[-110.01632654040591,37.74771942270788],[-110.0162130462546,37.747718475383586],[-110.01621543245122,37.747538236275844],[-110.0161019385804,37.747537288848406],[-110.01610313180832,37.747447169295484],[-110.0159896380804,37.747446221761834],[-110.01599202479547,37.747265982657844],[-110.01587853134804,37.74726503502105],[-110.01587972483517,37.747174915470005],[-110.01576623153066,37.747173967727015],[-110.01576742515006,37.7470838481776],[-110.01565393198844,37.74708290032841],[-110.0156551257401,37.74699278078066],[-110.01531464669992,37.7469899365867],[-110.015315840859,37.746899817046724],[-110.01520234799384,37.746898868766614],[-110.01520354228519,37.74680874922828],[-110.01497655684598,37.746806852346396],[-110.01497775140716,37.74671673281277],[-110.01475076626441,37.746714835499986],[-110.01475196109544,37.746624715971066],[-110.01452497624916,37.746622818227365],[-110.01452617135003,37.74653269870317],[-110.0142991868002,37.746530800528575],[-110.01430038217089,37.746440681009084],[-110.01418689004156,37.746439731760965],[-110.0141880855445,37.74634961224314],[-110.01396110157695,37.746347713425244],[-110.01396229734974,37.74625759391213],[-110.01373531367867,37.74625569466334],[-110.01373650972126,37.74616557515493],[-110.01362301803131,37.74616462536972],[-110.01362421420615,37.746074505862985],[-110.01351072265908,37.74607355597158],[-110.01351191896617,37.745983436466496],[-110.01305795338159,37.74597963582059],[-110.01305915023364,37.74588951632636],[-110.01271867651394,37.745886664703946],[-110.01271987377338,37.74579654521751],[-110.01192543624389,37.745789887629456],[-110.01192423802142,37.74588000709441],[-110.01169725564304,37.745878103936946],[-110.0116960571401,37.74596822339433],[-110.01135558319986,37.7459653678295],[-110.01135438427883,37.74605548727625],[-110.01101390997395,37.7460526307189],[-110.0110151093077,37.74596251128138],[-110.01078812673967,37.745960606369685],[-110.01078932634323,37.74587048693688],[-110.01067583520481,37.745869534320235],[-110.01067703494057,37.7457794148891],[-110.01056354394508,37.74577846216627],[-110.01056474381309,37.745688342736806],[-110.0104512529605,37.745687389907786],[-110.0104536529556,37.74550715105077],[-110.01034016238353,37.74550619811865],[-110.01034136251063,37.7454160786911],[-110.01022787208146,37.74541512565282],[-110.01022907234079,37.745325006226906],[-110.01011558205454,37.74532405308245],[-110.01011678244609,37.74523393365822],[-110.01000329230276,37.74523298040758],[-110.01000569334494,37.74505274156104],[-110.0098922034821,37.7450517882073],[-110.00989340413274,37.744961668784974],[-110.00977991441282,37.74496071532507],[-110.00978231597318,37.74478047648237],[-110.00966882653374,37.744779522919366],[-110.00967122834783,37.74459928407715],[-110.00955773918886,37.74459833041105],[-110.00956014125666,37.744418091569344],[-110.0094466523782,37.74441713780016],[-110.00945265814184,37.74396654068655],[-110.00933916995653,37.74396558682351],[-110.00934037123075,37.743875467399626],[-110.0094538592785,37.743876421259586],[-110.00945746265639,37.7436060629702],[-110.00957095029679,37.74360701671168],[-110.00957575417547,37.74324653896039],[-110.009689241271,37.74324749258031],[-110.0096916429031,37.74306725369002],[-110.0095781560827,37.74306630007627],[-110.00958295983291,37.74270582229104],[-110.00946947356805,37.74270486858038],[-110.00947067462977,37.742614749133615],[-110.00935718850782,37.74261379531677],[-110.00935838970175,37.742523675871674],[-110.009131417749,37.74252176791644],[-110.00913261921266,37.742431648476085],[-110.00890564755645,37.74242974009004],[-110.00890684928987,37.742339620654434],[-110.00879336360734,37.74233866630063],[-110.00879456547294,37.7422485468667],[-110.00845410887015,37.742245683159084],[-110.00845531114307,37.74215556373299],[-110.00822834037642,37.74215365405453],[-110.00822954291907,37.742063534633196],[-110.00800257244896,37.74206162452395],[-110.00800377526133,37.74197150510735],[-110.00766332000903,37.74196863913345],[-110.00766452322867,37.741878519724686],[-110.00732406843727,37.74187565277687],[-110.00732527206421,37.74178553337596],[-110.00687133296762,37.74178170926187],[-110.00687253713937,37.7416915898719],[-110.00653208328592,37.74168872064859],[-110.00653328786494,37.74159860126646],[-110.00619283447243,37.74159573106927],[-110.00619403945872,37.741505611695004],[-110.0057401022274,37.74150178324844],[-110.0057413077585,37.74141166388512],[-110.00528737116333,37.74140783370313],[-110.00528857723921,37.741317714350764],[-110.00483464128021,37.741313882433346],[-110.00483584790089,37.74122376309194],[-110.00449539640074,37.74122088801616],[-110.00449660342866,37.74113076868262],[-110.00381570139885,37.741125015600275],[-110.00381690924664,37.74103489628391],[-110.00256859087503,37.74102433878679],[-110.00256980023036,37.74093421950309],[-110.00064058455001,37.7409178774259],[-110.0006393728565,37.741007996656826],[-109.99984498941996,37.741001258368726],[-109.99984377675827,37.741091377576474],[-109.99950332638248,37.74108848809085],[-109.99950211330277,37.74117860728787],[-109.99938862971743,37.74117764390442],[-109.99938741649477,37.74126776309691],[-109.99927393277731,37.74126679960111],[-109.99927271941169,37.74135691878906],[-109.9991592355621,37.741355955180914],[-109.99915802205355,37.74144607436435],[-109.99904453807183,37.74144511064385],[-109.99904332442031,37.74153522982275],[-109.99892984030645,37.74153426598991],[-109.99892862651198,37.7416243851643],[-109.998815142266,37.741623421219096],[-109.99881392832857,37.74171354038896],[-109.99858695957774,37.74171161216463],[-109.99858574535982,37.741801731326824],[-109.99847226085497,37.74180076704769],[-109.99847104649409,37.74189088620538],[-109.9983575618571,37.74188992181389],[-109.99835634735328,37.74198004096706],[-109.99824286258416,37.74197907646321],[-109.99824164793736,37.74206919561183],[-109.99801467814028,37.742067266270205],[-109.99801346321298,37.74215738541118],[-109.99778649316247,37.74215545562637],[-109.99778527795468,37.74224557475971],[-109.99755830765072,37.7422436445317],[-109.99755952313362,37.742153525404596],[-109.99744603812732,37.742152560129846],[-109.99744846935197,37.74197232187764],[-109.99733498462618,37.74197135649989],[-109.99733863183513,37.741700999120305],[-109.9972251475274,37.74170003364267],[-109.99722757924805,37.74151979538876],[-109.99711409522081,37.74151882980813],[-109.99711531121054,37.74142871068218],[-109.99700182732627,37.74142774499542],[-109.99700304344812,37.741337625871175],[-109.99688955970682,37.7413366600783],[-109.99689077596078,37.741246540955764],[-109.99677729236244,37.741245575056766],[-109.99677850874853,37.741155455935925],[-109.99666502529314,37.741154489930814],[-109.99666624181137,37.74106437081168],[-109.99655275849894,37.741063404700455],[-109.99655397514925,37.740973285583024],[-109.9964404919798,37.74097231936569],[-109.99644170876225,37.740882200249956],[-109.99621474271466,37.740880267493814],[-109.99621595976676,37.740790148382914],[-109.99610247688864,37.74078918184412],[-109.99610491125165,37.74060894362431],[-109.99599142865402,37.74060797698252],[-109.9959938632704,37.7404277387633],[-109.99588038095328,37.74042677201852],[-109.99588281582301,37.74024653379989],[-109.99576933378638,37.74024556695212],[-109.99577663909058,37.739704852280994],[-109.99566315788455,37.739703885342735],[-109.9956643755538,37.73961376622904],[-109.99577785662227,37.73961473316419],[-109.9957863791923,37.738983899306945],[-109.9956728990865,37.73898293239365],[-109.99567776955723,37.73862245588515],[-109.99556429000695,37.73862148887512],[-109.99556794321559,37.738351131488265],[-109.99545446408331,37.73835016437838],[-109.99545689980364,37.738169926119646],[-109.99534342095181,37.73816895890679],[-109.99534585692548,37.737988720648644],[-109.99523237835413,37.7379877533328],[-109.99523481458111,37.73780751507524],[-109.99512133629023,37.737806547656426],[-109.99512377277051,37.73762630939947],[-109.99501029476008,37.73762534187768],[-109.9950127314937,37.73744510362129],[-109.99489925376373,37.73744413599653],[-109.99490169075065,37.73726389774074],[-109.99478821330115,37.737262930013],[-109.99479065054135,37.73708269175781],[-109.99467717337231,37.73708172392711],[-109.99467961086583,37.7369014856725],[-109.99456613397723,37.73690051773883],[-109.9945697905893,37.73663016035568],[-109.99445631411865,37.73662919232217],[-109.9944587521079,37.73644895406593],[-109.99434527591771,37.73644798592946],[-109.99434771416023,37.73626774767379],[-109.99423423825048,37.73626677943435],[-109.99423789598603,37.735996422049624],[-109.99412442049424,37.73599545371036],[-109.99413051729898,37.735544858056485],[-109.99424399210326,37.73554582638011],[-109.9942476497084,37.73527546896145],[-109.9943611241056,37.73527643716649],[-109.99436843834418,37.734735722272156],[-109.99448191192182,37.73473669034923],[-109.99449897579306,37.733475022020606],[-109.99438550414028,37.73347405398731],[-109.99438672308497,37.733383934813496],[-109.99404630857171,37.73338103006772],[-109.99404752792343,37.73329091090188],[-109.99359364253178,37.73328703639116],[-109.993594862428,37.7331969172364],[-109.99348139123116,37.73319594833884],[-109.99348261125944,37.7331058291858],[-109.99336914020552,37.73310486018218],[-109.99337036036583,37.73301474103086],[-109.99325688945484,37.73301377192115],[-109.99325810974722,37.732923652771525],[-109.99314463897915,37.73292268355574],[-109.99314707982252,37.73274244525855],[-109.99303360933486,37.732741475939825],[-109.99303482988587,37.732651356792225],[-109.99292135954113,37.732650387367435],[-109.9929238009018,37.73247014907427],[-109.99281033083746,37.73246917954652],[-109.99281155164712,37.732379060400945],[-109.99269808172569,37.732378090767135],[-109.99269930266739,37.73228797162328],[-109.99258583288889,37.73228700188339],[-109.9925882750309,37.732106763597706],[-109.99247480553281,37.7321057937549],[-109.99247602673313,37.73201567461305],[-109.99236255737794,37.73201470466417],[-109.9923637787103,37.73192458552405],[-109.99213684029121,37.73192264530496],[-109.99213806189309,37.73183252616969],[-109.99202459282918,37.73183155589948],[-109.99202581456308,37.731741436765915],[-109.99179887672656,37.731739495904165],[-109.99180009872997,37.731649376775465],[-109.99168662995736,37.73164840618393],[-109.99168785209278,37.73155828705695],[-109.99157438346309,37.73155731635936],[-109.99157560573056,37.73146719723408],[-109.99112173181614,37.73146331336426],[-109.99112050899879,37.731553432476986],[-109.99100704039633,37.731552461233406],[-109.99100581743606,37.73164258034157],[-109.99089234870158,37.73164160898564],[-109.99088990248971,37.73182184719147],[-109.99077643348573,37.73182087572008],[-109.99077521023416,37.73191099481773],[-109.99066174109817,37.731910023234],[-109.99066051770365,37.732000142327095],[-109.99054704843563,37.731999170631035],[-109.99054582489819,37.73208928971958],[-109.99043235549814,37.73208831791117],[-109.99042990813196,37.73226855607774],[-109.9903164384624,37.73226758415387],[-109.99031521463365,37.73235770323189],[-109.99020174483208,37.73235673119567],[-109.99020052086038,37.73244685026914],[-109.98986011107596,37.73244393349587],[-109.98986133546009,37.732353814431825],[-109.98974786568033,37.73235284195879],[-109.98974909019647,37.73226272289647],[-109.98963562055967,37.73226175031739],[-109.98963684520783,37.73217163125681],[-109.98952337571394,37.73217065857166],[-109.98952582526886,37.731990420452505],[-109.9894123560554,37.731989447664446],[-109.98941480586343,37.73180920954592],[-109.98930133693037,37.731808236654956],[-109.98930256196367,37.7317181175967],[-109.98918909317355,37.73171714459968],[-109.98919154349872,37.731536906485225],[-109.989078074989,37.73153593338529],[-109.98908175084823,37.73126557621241],[-109.98896828275639,37.731264603012704],[-109.9889719589789,37.73099424583652],[-109.98885849130491,37.73099327253705],[-109.98886706992855,37.730362439098414],[-109.98898053664024,37.73036341237589],[-109.9889842126989,37.73009305515725],[-109.98909767900366,37.7300940283161],[-109.9891001294072,37.72991379015698],[-109.98898666337737,37.729912817004404],[-109.98898788870842,37.72982269792587],[-109.98910135460079,37.72982367107529],[-109.98910625532052,37.729463194734414],[-109.98921972066852,37.72946416776207],[-109.98924299528262,37.72775190477396],[-109.98912953254624,37.727750931806],[-109.9891332077175,37.727480574454816],[-109.98901974539892,37.7274796013871],[-109.98903199698934,37.72657841015594],[-109.98914545793349,37.726579383192224],[-109.98915035786705,37.72621890664757],[-109.9892638182669,37.7262198795621],[-109.98927116717883,37.72567916468381],[-109.98938462675954,37.72568013747032],[-109.98939197465037,37.72513942252223],[-109.98950543341195,37.72514039518073],[-109.9895201269551,37.72405896509403],[-109.98940666984262,37.724057992473234],[-109.98940911896494,37.723877754111925],[-109.98929566213278,37.72387678138824],[-109.98929688682315,37.723786662208596],[-109.98906997345004,37.72378471644002],[-109.98907119840982,37.72369459726524],[-109.98895774186886,37.723693624220346],[-109.98895896696058,37.72360350504731],[-109.98873205416992,37.72360155863629],[-109.98873327953102,37.72351143946812],[-109.98839291079821,37.723508519042284],[-109.98839413656611,37.723418399882135],[-109.98805376829473,37.72341547848325],[-109.98805499446942,37.72332535933111],[-109.98771462665945,37.72332243695918],[-109.98771585324094,37.72323231781507],[-109.9871485743541,37.72322744502762],[-109.98714980161718,37.72313732589783],[-109.98590179005912,37.72312659619364],[-109.98590056128444,37.72321671528878],[-109.98487946017481,37.72320792658679],[-109.98487823015792,37.723298045652115],[-109.98385712825554,37.72328924807943],[-109.98385589699642,37.72337936711494],[-109.98283479430175,37.72337056067152],[-109.98283356180039,37.723460679677174],[-109.98192591423482,37.72345284427898],[-109.98192468062862,37.72354296325792],[-109.98113048833547,37.72353610153121],[-109.98112925376184,37.723626220486565],[-109.97999469243655,37.72361640870914],[-109.97999345648326,37.723706527631386],[-109.97931271912792,37.72370063530599],[-109.9793114823446,37.72379075420779],[-109.97874420067963,37.72378584091871],[-109.9787429632037,37.72387595980323],[-109.97851605030148,37.72387399371709],[-109.97851481254519,37.72396411259384],[-109.9782878993902,37.72396214606469],[-109.97828666135355,37.72405226493368],[-109.97805974794578,37.72405029796152],[-109.97805850962878,37.724140416822735],[-109.97794505279575,37.72413943316972],[-109.97794381433582,37.724229552026344],[-109.97771690041148,37.72422758438647],[-109.97771566167117,37.72431770323532],[-109.97760220457985,37.724316719248456],[-109.97760096569662,37.724406838092726],[-109.97737405125571,37.724404869785126],[-109.97737281209209,37.724494988621615],[-109.97714589739843,37.724493019871],[-109.97714465795444,37.72458313869972],[-109.97691774300803,37.72458116950606],[-109.97691650328368,37.724671288327],[-109.97680304568134,37.72467030356324],[-109.97680180581403,37.72476042237958],[-109.97657489035106,37.724758452518195],[-109.97657365020339,37.72484857132676],[-109.97634673448768,37.72484660102234],[-109.97634549405961,37.72493671982312],[-109.97600512011525,37.72493376353816],[-109.97600387926938,37.72502388232799],[-109.9756635049625,37.72502092505095],[-109.97566474622064,37.72493080627066],[-109.9749839985808,37.7249248887881],[-109.97498524065794,37.72483477002553],[-109.97373720534755,37.724823911135225],[-109.9737359617587,37.72491402986273],[-109.97271484122122,37.72490513546219],[-109.97271359639,37.72499525415955],[-109.97169247506503,37.72498635088755],[-109.97169122899142,37.72507646955475],[-109.97112393887365,37.72507151945561],[-109.97112518563438,37.7249814008044],[-109.97067135418986,37.724977438772825],[-109.97067260149474,37.72488732013298],[-109.97033222838199,37.72488434747263],[-109.97033347609357,37.72479422884098],[-109.97010656098773,37.72479224652797],[-109.97010780896859,37.724702127901296],[-109.96999435156144,37.72470113658424],[-109.96999559967418,37.724611017959354],[-109.96988214241,37.72461002653633],[-109.9698833906546,37.72451990791324],[-109.96976993353341,37.72451891638425],[-109.96977118190986,37.72442879776293],[-109.96965772493166,37.724427806127984],[-109.96965897343998,37.724337687508466],[-109.96954551660477,37.72433669576755],[-109.96954676524493,37.72424657714981],[-109.9694333085527,37.724245585302924],[-109.96943455732472,37.72415546668697],[-109.96932110077549,37.72415447473412],[-109.96932234967936,37.72406435611997],[-109.96909543687241,37.7240623718932],[-109.96909668604556,37.72397225328401],[-109.96898322978784,37.72397126101008],[-109.96898447909285,37.72388114240269],[-109.96887102297812,37.7238801500228],[-109.96887227241497,37.72379003141722],[-109.96875881644324,37.72378903893135],[-109.96876006601194,37.72369892032755],[-109.96864661018319,37.723697927735735],[-109.96864785988373,37.72360780913372],[-109.96853440419797,37.72360681643594],[-109.96853690385718,37.723426579234086],[-109.96842344845182,37.723425586433564],[-109.96842469841049,37.723335467833714],[-109.96831124314811,37.72333447492723],[-109.96831374332355,37.723154237729695],[-109.96820028834156,37.72315324472047],[-109.96820278876956,37.72297300752367],[-109.96808933406797,37.722972014411695],[-109.96809058441103,37.72288189581439],[-109.96797712985243,37.722880902596465],[-109.96797963079662,37.72270066540399],[-109.96786617651841,37.72269967208333],[-109.96786867771515,37.72251943489161],[-109.96775522371732,37.72251844146819],[-109.96775772516658,37.72233820427724],[-109.96764427144915,37.722337210751085],[-109.96764552230282,37.722247092156685],[-109.96753206872837,37.72224609852458],[-109.96753331971388,37.72215597993198],[-109.9674198662824,37.722154986193914],[-109.96742111739974,37.72206486760311],[-109.96730766411125,37.72206387375911],[-109.967310166604,37.72188363657965],[-109.9671967135959,37.721882642632906],[-109.9671979649713,37.72179252404427],[-109.96708451210618,37.72179152999159],[-109.96708576361343,37.721701411404744],[-109.96697231089128,37.72170041724612],[-109.96697481416385,37.721520180074585],[-109.96686136172208,37.72151918581322],[-109.96686261348738,37.72142906722854],[-109.9667491611886,37.72142807286124],[-109.96675041308573,37.72133795427835],[-109.96663696092995,37.7213369598051],[-109.9666382129589,37.72124684122402],[-109.96652476094607,37.72124584664481],[-109.96652726526204,37.72106560948483],[-109.96641381352958,37.72106461480291],[-109.96641506581659,37.72097449622399],[-109.96630161422712,37.72097350143613],[-109.96630286664596,37.72088338285902],[-109.96618941519947,37.72088238796521],[-109.96619192029517,37.72070215081316],[-109.96607846912906,37.720701155816634],[-109.96607972180594,37.7206110372417],[-109.96596627078279,37.72061004213923],[-109.96596752359149,37.720519923566094],[-109.96585407271132,37.720518928357684],[-109.96585657858674,37.720338691213584],[-109.96574312798695,37.72033769590246],[-109.96574438105368,37.720247577331506],[-109.96563093059686,37.72024658191443],[-109.96563218379538,37.72015646334527],[-109.96551873348155,37.72015546782226],[-109.9655199868119,37.72006534925491],[-109.96540653664103,37.72006435362597],[-109.96540904355973,37.71988411649342],[-109.96529559366924,37.71988312076177],[-109.9652968472576,37.71979300219659],[-109.96518339751009,37.71979200635901],[-109.96518465123026,37.719701887795644],[-109.9650712016257,37.71970089185212],[-109.96507245547768,37.719610773290526],[-109.96495900601612,37.71960977724108],[-109.96496151397805,37.71942954012011],[-109.96484806479685,37.71942854396795],[-109.96484931890683,37.719338425408544],[-109.9647358698686,37.71933742915046],[-109.96473712411039,37.71924731059285],[-109.96462367521514,37.71924631422885],[-109.9646249295887,37.71915619567305],[-109.96451148083642,37.7191551992031],[-109.96451273534178,37.719065080649116],[-109.96439928673249,37.719064084073246],[-109.96440054136964,37.71897396552104],[-109.9642870929033,37.71897296883924],[-109.96428834767227,37.71888285028886],[-109.96417489934892,37.71888185350113],[-109.96417615424966,37.718791734952546],[-109.96406270606929,37.71879073805891],[-109.96406396110181,37.71870061951211],[-109.9639505130644,37.71869962251254],[-109.96395176822872,37.71860950396756],[-109.9638383203343,37.71860850686207],[-109.9638395756304,37.71851838831889],[-109.96372612787896,37.71851739110747],[-109.96372738330685,37.71842727256609],[-109.96361393569836,37.71842627524875],[-109.96361519125804,37.718336156709185],[-109.96350174379253,37.71833515928592],[-109.963502999484,37.71824504074816],[-109.96338955216146,37.71824404321898],[-109.96339080798471,37.71815392468301],[-109.96327736080517,37.718152927047896],[-109.96327861676018,37.71806280851376],[-109.9631651697236,37.718061810772724],[-109.9631664258104,37.71797169224039],[-109.96305297891679,37.71797069439344],[-109.96305423513539,37.7178805758629],[-109.96260044816646,37.71787658339662],[-109.96260170492894,37.71778646487755],[-109.96214791859913,37.71778247067791],[-109.96214917590551,37.71769235217034],[-109.9613550510057,37.71768535814167],[-109.9613563092681,37.71759523965526],[-109.96067563182545,37.717589240536476],[-109.9606768909065,37.71749912206803],[-109.95999621449009,37.7174931190396],[-109.95999747438975,37.717403000589144],[-109.95965713666946,37.71739999761126],[-109.95965839697561,37.717309879169065],[-109.95954495121745,37.71730887796139],[-109.95954873251434,37.717038522635995],[-109.9596621778604,37.71703952383397],[-109.95966469842216,37.716859286936824],[-109.9597781434991,37.71686028801919],[-109.95977940363417,37.71677016956526],[-109.95989284857936,37.71677117053526],[-109.95989536855795,37.71659093361668],[-109.960008813234,37.71659193447106],[-109.9600125927477,37.71632157907288],[-109.96012603701728,37.71632257980845],[-109.96012855639027,37.716142342862774],[-109.96024200039074,37.71614334348274],[-109.96024577899603,37.7158729880439],[-109.96035922259001,37.71587398854504],[-109.9603642601024,37.715513514593816],[-109.96047770315255,37.71551451497291],[-109.96048148081583,37.715244159484925],[-109.96059492345952,37.71524515974518],[-109.96060247781045,37.7147044487116],[-109.96071591963562,37.71470544884333],[-109.96072599069049,37.713984500693364],[-109.96083943142246,37.71398550069014],[-109.96084194885539,37.71380526363201],[-109.96095538931827,37.71380626351321],[-109.96096042356741,37.71344578936704],[-109.9610738634865,37.7134467891262],[-109.96107763870245,37.71317643349201],[-109.96119107821512,37.71317743313236],[-109.96119359472303,37.712997196029356],[-109.96130703396663,37.71299819555413],[-109.96132842104353,37.71146617989493],[-109.961441857958,37.71146717925569],[-109.96144940512727,37.710926467729465],[-109.96156284122337,37.71092746696175],[-109.96157038736689,37.71038675536512],[-109.96168382264463,37.71038775446894],[-109.96169136776244,37.709847042801954],[-109.96180480222185,37.709848041777306],[-109.96180857429316,37.709577685915],[-109.9619220083462,37.70957868477156],[-109.96192452275776,37.70939844751649],[-109.96203795654176,37.709399446257486],[-109.9620580688304,37.70795754796133],[-109.9619446372434,37.70795654927195],[-109.9619597221665,37.70687512535055],[-109.96207315210584,37.70687612400123],[-109.9620806934411,37.706335411944664],[-109.96219412256225,37.70633641046689],[-109.96220040616778,37.70588581703134],[-109.96208697773311,37.705884818525234],[-109.96209200506591,37.7055243437642],[-109.96220543295141,37.7055253422574],[-109.96220668963332,37.70543522356038],[-109.96197983414251,37.70543322647135],[-109.9619810910934,37.70534310777935],[-109.96164080831106,37.70534011133729],[-109.96164206566823,37.70524999265356],[-109.9614152107826,37.705247994486534],[-109.96141646840874,37.70515787580783],[-109.96118961382011,37.70515587721088],[-109.9611908717152,37.70506575853722],[-109.9610774445666,37.70506475907835],[-109.96107870259338,37.704974640406505],[-109.96085184858755,37.704972641167934],[-109.9608531068833,37.70488252250114],[-109.96073968002608,37.704881522721436],[-109.96074093845353,37.70479140405646],[-109.96051408503048,37.70478940417625],[-109.96051534372688,37.704699285516305],[-109.96017506404623,37.70469628488753],[-109.96017632314889,37.70460616623586],[-109.9598360439306,37.70460316463499],[-109.95983478441609,37.70469328327696],[-109.95960793135738,37.7046912816578],[-109.95960667156268,37.70478140029189],[-109.95937981825186,37.70477939822992],[-109.959378558177,37.70486951685612],[-109.95915170461406,37.70486751435132],[-109.959150444259,37.704957632969645],[-109.95892359044394,37.704955630022006],[-109.95892232980867,37.705045748632436],[-109.95869547574154,37.70504374524197],[-109.95869421482608,37.70513386384453],[-109.95846736050683,37.70513186001125],[-109.95846609931117,37.7052219786059],[-109.95823924473984,37.70521997432977],[-109.95823798326398,37.70531009291653],[-109.95801112844055,37.70530808819756],[-109.95800986668449,37.70539820677644],[-109.95778301160897,37.70539620161464],[-109.9577817495727,37.70548632018562],[-109.95732803893999,37.705482308539956],[-109.95732677634894,37.705572427096556],[-109.95687306525707,37.705568413692454],[-109.95687180211124,37.70565853223469],[-109.95653151843956,37.705655521026436],[-109.95653025487621,37.705745639557506],[-109.9559631148496,37.70574061867902],[-109.9559643790994,37.70565050016416],[-109.95585095124827,37.70564949566442],[-109.95585221562973,37.705559377151374],[-109.95573878792152,37.7055583725458],[-109.95574005243465,37.70546825403459],[-109.9555131973097,37.70546624450266],[-109.95551446209177,37.70537612599653],[-109.95540103467505,37.70537512107017],[-109.95540229958877,37.70528500256585],[-109.9550620177843,37.705281987141966],[-109.95506328310424,37.70519186864599],[-109.95404243923096,37.70518281651268],[-109.95404370578086,37.705092698044524],[-109.95381685192345,37.70509068526586],[-109.95381811874226,37.70500056680277],[-109.95359126518201,37.704998553594244],[-109.95359253226977,37.70490843513626],[-109.95336567900667,37.70490642149788],[-109.95336694636335,37.70481630304498],[-109.9531400933974,37.70481428897676],[-109.953141361023,37.70472417052894],[-109.95302793468579,37.70472316333446],[-109.95302920244303,37.704633044888475],[-109.95291577624874,37.70463203758814],[-109.95291704413762,37.704541919144006],[-109.95280361808628,37.70454091173785],[-109.95280488610679,37.70445079329556],[-109.95269146019837,37.70444978578355],[-109.952693996497,37.704269548901195],[-109.9525805708688,37.70426854128662],[-109.95258183914693,37.70417842284659],[-109.95246841366166,37.70417741512618],[-109.95247095047552,37.703997178248336],[-109.95235752527046,37.70399617042537],[-109.95236006233625,37.70381593354837],[-109.95224663741142,37.703814925622815],[-109.95225044337955,37.703544570306455],[-109.95213701887218,37.703543562281595],[-109.95214082520127,37.70327320696225],[-109.9520274011114,37.70327219883808],[-109.9520312078014,37.70300184351576],[-109.95191778412901,37.70300083529227],[-109.95192159117994,37.70273047996695],[-109.95180816792502,37.70272947164415],[-109.95181070620525,37.70254923476003],[-109.95169728323052,37.702548226334656],[-109.95169982176266,37.70236798945139],[-109.95158639906812,37.70236698092345],[-109.95159782341817,37.70155591490792],[-109.95171124487732,37.70155692340653],[-109.95171505248041,37.70128656803274],[-109.95182847353342,37.7012875764125],[-109.9518335497093,37.70092710254789],[-109.95194697021894,37.70092811080555],[-109.95194950799842,37.700747873858234],[-109.95206292823919,37.70074888200032],[-109.95206673445426,37.70047852655894],[-109.95218015428891,37.70047953458218],[-109.9522258199603,37.69723526817353],[-109.95233923485978,37.697236275970496],[-109.95234303959003,37.696965920343764],[-109.95245645408347,37.6969669280219],[-109.95245899026759,37.69678669092382],[-109.95257240449222,37.69678769848639],[-109.95257620831433,37.696517342818886],[-109.95268962213291,37.69651835026262],[-109.9526946932677,37.69615787600642],[-109.95280810654302,37.69615888332809],[-109.95281444464828,37.695708290459685],[-109.95292785724314,37.69570929765603],[-109.95292912471001,37.69561917907484],[-109.95304253717329,37.6956201861589],[-109.95304507181567,37.695439948985744],[-109.95315848401015,37.69544095595424],[-109.95315975118564,37.6953508373623],[-109.95327316324853,37.69535184421847],[-109.95327569730814,37.69517160702383],[-109.95338910910225,37.69517261376447],[-109.95340557815545,37.6940010718188],[-109.95329216814514,37.69400006512045],[-109.95329723590304,37.693639590640466],[-109.95318382644724,37.69363858384608],[-109.95318636056673,37.69345834660409],[-109.953072951391,37.69345733970716],[-109.95307548576231,37.693277102466],[-109.95296207686663,37.69327609546654],[-109.95296968066832,37.692735383728575],[-109.95308308874077,37.692736390708525],[-109.95308815728013,37.6923759161752],[-109.9529747497565,37.69237490920826],[-109.95297601701444,37.692284790574654],[-109.95286260963363,37.692283783501935],[-109.95286514440696,37.692103546236936],[-109.9527517373062,37.69210253906169],[-109.95275427233132,37.69192230179754],[-109.95264086551063,37.69192129451976],[-109.95264213315191,37.691831175888815],[-109.95252872647406,37.69183016850525],[-109.95253126201408,37.691649931245614],[-109.95241785561628,37.691648923759516],[-109.952419123515,37.69155880513083],[-109.95230571726003,37.691557797538955],[-109.95230698529032,37.691467678912105],[-109.9521935791782,37.69146667121446],[-109.95219611549619,37.691286433963],[-109.95208270966411,37.69128542616283],[-109.95208524623388,37.69110518891224],[-109.95197184068184,37.69110418100953],[-109.95197437750339,37.69092394375978],[-109.95186097223137,37.69092293575454],[-109.9518635093047,37.69074269850564],[-109.95175010431274,37.690741690397886],[-109.95175264163782,37.69056145314983],[-109.95163923692587,37.690560444939564],[-109.95164431205697,37.69019997043946],[-109.95153090789944,37.69019896213319],[-109.95153852124957,37.68965825036006],[-109.95142511792079,37.68965724196431],[-109.95142892493107,37.689386886068384],[-109.95131552201948,37.68938587757338],[-109.95131932939042,37.68911552167449],[-109.95120592689602,37.68911451308022],[-109.95121100386014,37.68875403854154],[-109.95109760192013,37.688753029851284],[-109.95110014064258,37.688572792579954],[-109.95098673898256,37.688571783787204],[-109.95098927795677,37.688391546516726],[-109.95087587657675,37.68839053762145],[-109.95087841580268,37.68821030035184],[-109.95076501470265,37.68820929135407],[-109.95076755418029,37.6880290540853],[-109.95065415336028,37.688028044985025],[-109.95065669308961,37.6878478077171],[-109.95054329254961,37.687846798514315],[-109.95054583253065,37.687666561247255],[-109.95043243227065,37.687665551941976],[-109.95043497250339,37.68748531467576],[-109.95032157252336,37.68748430526798],[-109.95033173432529,37.68676335617252],[-109.95021833544824,37.68676234668181],[-109.95022087611645,37.68658210940029],[-109.9501074775194,37.6865810998071],[-109.95011128889072,37.68631074388397],[-109.94999789071082,37.686309734191546],[-109.95000043187105,37.686129496908904],[-109.94988703397111,37.68612848711398],[-109.94989211677228,37.685768012544756],[-109.94977871942663,37.68576700265386],[-109.94978253187949,37.685496646721845],[-109.949669134951,37.68549563673173],[-109.94967421869082,37.68513516214892],[-109.94956082231658,37.68513415206285],[-109.94956590651441,37.68477367747042],[-109.94945251069443,37.68477266728839],[-109.9494614087826,37.6841418367199],[-109.9493480139283,37.68414082645171],[-109.94935564146299,37.68360011450018],[-109.94924224743721,37.68359910414257],[-109.9492498755908,37.683058392159616],[-109.94913648239354,37.68305738171258],[-109.949144111166,37.68251666969819],[-109.94903071879722,37.682515659161744],[-109.94903834818851,37.68197494711592],[-109.94892495664817,37.68197393649007],[-109.94893004334423,37.68161346177755],[-109.94904343433605,37.68161447239036],[-109.94904724888721,37.6813441163313],[-109.948820467732,37.68134209501632],[-109.94882173951198,37.681251976333655],[-109.94859495865367,37.68124995458923],[-109.94859623070224,37.68115983591168],[-109.94836945014086,37.68115781373779],[-109.948370722458,37.68106769506537],[-109.94814394219355,37.68106567246204],[-109.94814521477927,37.680975553794724],[-109.94780504483649,37.680972519082054],[-109.9478063178279,37.680882400423144],[-109.94757953816865,37.680880376742934],[-109.94758081142864,37.68079025808913],[-109.94735403206633,37.68078823397949],[-109.94735530559487,37.680698115330806],[-109.94724191605937,37.68069710311577],[-109.94724318971936,37.68060698446895],[-109.94701641093958,37.680604959718416],[-109.94701768486814,37.68051484107673],[-109.94690429562388,37.68051382854124],[-109.94690556968389,37.6804237099014],[-109.94679218058243,37.680422697260184],[-109.94679345477388,37.680332578622206],[-109.94656667686225,37.68033055301936],[-109.94656795132224,37.6802404343865],[-109.94634117370755,37.68023840835424],[-109.94634244843611,37.6801482897265],[-109.9462290597744,37.680147276550166],[-109.9462303346344,37.68005715792429],[-109.94600355760225,37.68005513125117],[-109.9460048327308,37.679965012630426],[-109.94577805599562,37.67996298552789],[-109.94577933139271,37.67987286691228],[-109.94555255495449,37.679870839380335],[-109.94555383062013,37.67978072076985],[-109.94532705447888,37.67977869280851],[-109.94532833041306,37.679688574203155],[-109.94510155456878,37.6796865458124],[-109.9451028307715,37.6795964272122],[-109.94498944299501,37.67959541285662],[-109.94499071932916,37.679505294258256],[-109.94476394406745,37.67950326522668],[-109.94476522067013,37.67941314663346],[-109.94465183318492,37.67941213195747],[-109.94465310991903,37.679322013366125],[-109.94442633523991,37.67931998369374],[-109.94442761224255,37.679229865107516],[-109.94431422504863,37.679228850111116],[-109.94431550218269,37.67913873152677],[-109.94420211513157,37.67913771642467],[-109.94420339239706,37.67904759784217],[-109.9439766185861,37.67904556731756],[-109.94397789612012,37.67895544874022],[-109.9438645093603,37.678954433317706],[-109.94386578702571,37.67886431474222],[-109.94363901379735,37.67886228357682],[-109.9436402917313,37.678772165006485],[-109.94341351879993,37.67877013341169],[-109.9434147970024,37.6786800148465],[-109.94330141068237,37.6786789988889],[-109.94330268901624,37.67858888032558],[-109.94318930283902,37.67858786426229],[-109.94319058130431,37.67849774570083],[-109.94307719526988,37.67849672953184],[-109.94307847386656,37.67840661097224],[-109.94296508797493,37.678405594697544],[-109.94296636670303,37.678315476139815],[-109.94285298095421,37.67831445975942],[-109.94285425981371,37.67822434120356],[-109.94262748860737,37.678222308122386],[-109.94262876773539,37.67813218957167],[-109.94251538227786,37.67813117287089],[-109.94251666153728,37.67804105432205],[-109.94240327622256,37.67804003751558],[-109.94240455561338,37.67794991896861],[-109.94229117044146,37.677948902056436],[-109.94229244996369,37.67785878351133],[-109.94217906493456,37.67785776649346],[-109.9421803445882,37.67776764795022],[-109.94206695970188,37.67776663082665],[-109.94206823948689,37.67767651228529],[-109.94195485474339,37.67767549505602],[-109.94195613465979,37.67758537651652],[-109.94161598087479,37.677582324184726],[-109.9416172611968,37.67749220565366],[-109.94127710787441,37.6774891523509],[-109.94127838860202,37.677399033828294],[-109.94105162002316,37.6773969977548],[-109.94105290101923,37.67730687923734],[-109.94093951687547,37.67730586104042],[-109.94094079800293,37.677215742524844],[-109.94071403000672,37.67721370581062],[-109.94071531140267,37.677123587300215],[-109.94060192755022,37.67712256878292],[-109.94060320907755,37.67703245027438],[-109.94048982536792,37.67703143165141],[-109.94049110702663,37.676941313144745],[-109.94037772345979,37.676940294416084],[-109.94037900524991,37.67685017591129],[-109.94026562182587,37.67684915707694],[-109.94026690374736,37.67675903857402],[-109.94015352046613,37.67675801963399],[-109.940154802519,37.67666790113294],[-109.94004141938056,37.67666688208722],[-109.94004398374335,37.676486645087465],[-109.93993060088482,37.67648562593937],[-109.93993316549894,37.67630538894051],[-109.93981978292031,37.676304369690016],[-109.93982234778574,37.67612413269208],[-109.93970896548699,37.676123113339195],[-109.93971024804823,37.67603299484139],[-109.9391433373257,37.67602789645883],[-109.93914462056665,37.67593777797608],[-109.93891785659183,37.67593573786682],[-109.93891914010125,37.67584561938925],[-109.9388057582595,37.67584459917446],[-109.93880704190028,37.675754480698764],[-109.93858027850814,37.67575243994885],[-109.93858156241737,37.67566232147833],[-109.93846818086695,37.67566130094322],[-109.93846946490754,37.67557118247458],[-109.93824270209805,37.67556914108402],[-109.93824527071042,37.67538890415568],[-109.93813188958842,37.67538788330354],[-109.93813445845205,37.67520764637613],[-109.93802107760996,37.6752066254216],[-109.93802364672486,37.67502638849513],[-109.93791026616265,37.675025367438245],[-109.93791155084858,37.67493524897617],[-109.93779817042918,37.6749342278136],[-109.93779945524648,37.674844109353415],[-109.93768607496986,37.67484308808518],[-109.93768735991853,37.67475296962689],[-109.93757397978472,37.674751948252975],[-109.93757526486473,37.67466182979655],[-109.93746188487374,37.67466080831698],[-109.9374631700851,37.67457068986245],[-109.9373497902369,37.67456966827721],[-109.93735107557961,37.67447954982455],[-109.93723769587422,37.67447852813364],[-109.93723898134827,37.67438840968286],[-109.93712560178571,37.67438738788629],[-109.9371268873911,37.674297269437396],[-109.93701350797133,37.67429624753517],[-109.93701479370809,37.674206129088155],[-109.9369014144311,37.67420510708026],[-109.93690398616158,37.67402487018859],[-109.93679060716448,37.67402384807833],[-109.9367918931582,37.67393372963367],[-109.93667851430389,37.67393270741774],[-109.93667980042896,37.67384258897498],[-109.93656642171747,37.673841566653394],[-109.93656770797386,37.67375144821249],[-109.93645432940518,37.673750425785244],[-109.93645561579292,37.67366030734624],[-109.93634223736704,37.673659284813326],[-109.93634352388612,37.67356916637622],[-109.93623014560303,37.67356814373765],[-109.93623271889814,37.673387906865756],[-109.93611934089493,37.67338688412484],[-109.93612062767095,37.67329676569007],[-109.93600724981054,37.673295742843486],[-109.9360085367179,37.6732056244106],[-109.9358951590003,37.67320460145836],[-109.935896446039,37.67311448302738],[-109.93578306846419,37.67311345996948],[-109.93578435563421,37.67302334154038],[-109.93555760077594,37.6730212951043],[-109.93555888821436,37.67293117668038],[-109.9354455109309,37.6729301533022],[-109.93544679850065,37.67284003488018],[-109.93522004422506,37.67283798780357],[-109.93522133206321,37.67274786938675],[-109.93510795507109,37.672746845688295],[-109.93510924304056,37.67265672727336],[-109.93488248934767,37.67265467955621],[-109.93488377758554,37.67256456114647],[-109.93477040088476,37.67256353712776],[-109.93477168925394,37.67247341871992],[-109.93454493614375,37.67247137036223],[-109.9345462247813,37.67238125195959],[-109.9344328483719,37.67238022762063],[-109.93443413714078,37.672290109219865],[-109.93432076087416,37.67228908477524],[-109.93432204977435,37.672198966376385],[-109.93409529753248,37.67219691716688],[-109.93409658670106,37.672106798773235],[-109.9339832107258,37.67210577400836],[-109.9339845000257,37.672015655616576],[-109.93375774836652,37.67201360576657],[-109.93375903793479,37.67192348738003],[-109.93364566225088,37.67192246229489],[-109.93364695195045,37.67183234391023],[-109.93342020087401,37.67183029341973],[-109.93342149084197,37.671740175040256],[-109.93308136468154,37.67173709849726],[-109.93308265505492,37.67164698012633],[-109.93296927981667,37.671645954397405],[-109.93297057032136,37.67155583602837],[-109.9326304450523,37.67155275819778],[-109.93263173596239,37.67146263983726],[-109.93172473659445,37.671454427521496],[-109.93172602859525,37.6713643091861],[-109.93127252959763,37.671360200426555],[-109.9312738221409,37.67127008210302],[-109.93104707295075,37.67126802707616],[-109.93104836576234,37.67117790875784],[-109.9305948679994,37.67117379740994],[-109.93059616135345,37.67108367910349],[-109.93014266423094,37.67107956602562],[-109.93014395812745,37.67098944773104],[-109.92969046164536,37.67098533292319],[-109.9296917560843,37.67089521464048],[-109.92935163419448,37.67089212740056],[-109.92935292903879,37.67080200912642],[-109.92878606002304,37.67079686156413],[-109.92878735554685,37.670706743305196],[-109.92856060825505,37.67070468352427],[-109.92856190404719,37.670614565270576],[-109.92810841008108,37.6706104444146],[-109.92810970641564,37.67052032617279],[-109.92776958641285,37.670517234396804],[-109.92777088315277,37.67042711616358],[-109.92731739044481,37.670422992283605],[-109.92731868772715,37.67033287406229],[-109.9267518226575,37.67032771677758],[-109.92675312061928,37.67023759857149],[-109.92618625637944,37.670232438579696],[-109.92618755502068,37.67014232038888],[-109.92562069161072,37.67013715769],[-109.9256219909314,37.67004703951445],[-109.9251685008558,37.670042907407606],[-109.92516980071888,37.66995278924397],[-109.92471631128414,37.6699486554073],[-109.92471761168959,37.669858537255614],[-109.92449086728108,37.66985646969027],[-109.92449216795481,37.66976635154385],[-109.92437879589629,37.66976531760108],[-109.92438009670127,37.669675199456584],[-109.9241533528757,37.66967313125091],[-109.92415465394897,37.66958301311167],[-109.92404128218192,37.66958197884875],[-109.92404258338644,37.669491860711446],[-109.92381584014382,37.669489791865445],[-109.92381714161661,37.6693996737334],[-109.92370377014105,37.66939863915032],[-109.92370507174509,37.6693085210202],[-109.92359170041235,37.669307486331526],[-109.92359300214763,37.669217368203334],[-109.92336625977364,37.66921529850581],[-109.9233675617772,37.669125180382885],[-109.92325419073595,37.66912414537406],[-109.92325549287072,37.669034027253055],[-109.92302875107971,37.669031956915255],[-109.92303005348278,37.66894183879951],[-109.922916682733,37.66894080347055],[-109.92291798526729,37.668850685356745],[-109.92269124405924,37.668848614378646],[-109.9226925468618,37.668758496270115],[-109.92257917640353,37.668757460620995],[-109.92258178226531,37.66857722440637],[-109.9224684120869,37.66857618865501],[-109.92246971514612,37.6684860705489],[-109.92235634511054,37.66848503469195],[-109.92235895148562,37.66830479848219],[-109.92224558172992,37.668303762522974],[-109.92224818835585,37.66812352631423],[-109.92213481888002,37.66812249025277],[-109.92213742575679,37.66794225404506],[-109.92202405656082,37.66794121788135],[-109.9220266636884,37.66776098167466],[-109.92191329477231,37.66775994540871],[-109.92191590215072,37.667579709203025],[-109.9218025335145,37.66757867283484],[-109.92180514114371,37.66739843663019],[-109.92169177278736,37.667397400159764],[-109.92169568459869,37.66712704585218],[-109.92158231665921,37.66712600928286],[-109.92158492477843,37.666945773077416],[-109.92147155711882,37.66694473640585],[-109.92147416548885,37.66676450020144],[-109.92136079810908,37.66676346342764],[-109.92136210242239,37.66667334532665],[-109.9198883287958,37.666659857397725],[-109.91988963488458,37.6665697393389],[-109.91966290084177,37.66656766264559],[-109.91966420719878,37.666477544592055],[-109.91955084032313,37.66647650608535],[-109.91955214681133,37.66638638803375],[-109.91932541335154